registro_id,fecha,centro,turno,pedidos,unidades,lineas,distancia_m,ocupacion_pct,operarios,urgentes_pct,promocion,carga_proxy_1,carga_proxy_2,horas_persona,costo_cierre_clp,ruido_1,ruido_2,ruido_3,ruido_4,rol_particion
R0001,2026-01-01,C1,Manana,149,445,176,986.3767,83.6312,7,21.4753,0,146.0165,154.1484,14.2961,108487.4715,-0.8313,0.0378,1.0777,2.7359,entrenamiento
R0002,2026-01-01,C2,Tarde,146,295,202,1352.9606,91.1433,15,8.9059,1,150.9215,140.0005,15.1652,115867.4711,-0.5363,-0.1075,-0.6715,-0.9423,entrenamiento
R0003,2026-01-01,C3,Manana,152,441,169,1642.4946,61.7614,16,20.9884,1,152.8990,148.8972,6.8019,49212.7145,0.8916,1.5201,-0.9529,-0.7587,entrenamiento
R0004,2026-01-01,C4,Tarde,168,305,153,616.2139,68.4050,8,22.8987,0,168.6445,163.8677,14.6774,110619.8334,-1.6251,-1.2040,1.0708,0.5684,entrenamiento
R0005,2026-01-01,C5,Manana,148,365,135,1737.9448,52.5689,9,2.9239,0,146.0846,151.7423,7.5441,60521.7911,1.3341,-1.5147,-1.4742,-0.8540,entrenamiento
R0006,2026-01-01,C6,Manana,145,233,176,2076.1446,64.3472,17,9.8908,1,143.1280,141.7999,5.2343,39157.7210,0.8382,-1.0728,0.2938,-1.0128,entrenamiento
R0007,2026-01-01,C7,Tarde,160,496,175,1952.5336,53.5158,12,10.9077,0,161.4734,155.4192,10.8064,82079.2558,1.1699,0.1414,0.5613,0.1739,entrenamiento
R0008,2026-01-01,C8,Manana,130,411,175,1827.9670,83.2461,8,9.9373,1,126.5502,130.7438,16.4488,123881.4751,1.9493,2.3325,-1.4747,0.1394,entrenamiento
R0009,2026-01-02,C1,Manana,158,499,158,1503.8792,40.1848,16,11.4522,0,151.4167,169.5592,8.9345,68104.2236,0.6020,0.2399,0.7870,0.8793,entrenamiento
R0010,2026-01-02,C2,Tarde,148,408,191,983.2215,NA,9,23.0116,0,147.0874,150.1072,17.0462,125958.9231,-0.3275,0.2883,1.3112,-0.1043,entrenamiento
R0011,2026-01-02,C3,Tarde,152,469,193,2114.1369,43.5595,14,21.8137,1,146.6932,150.5973,8.6299,64163.5973,1.8686,-0.0098,1.0541,0.4339,entrenamiento
R0012,2026-01-02,C4,Tarde,150,302,150,797.0642,84.4595,15,4.2770,1,148.3318,154.0135,10.0736,75972.9815,-0.1452,0.5434,-0.4331,-0.5325,entrenamiento
R0013,2026-01-02,C5,Tarde,162,425,184,1085.4411,83.2272,8,17.9002,0,160.2437,164.0486,17.7111,132759.5122,0.7250,-0.3826,-0.7277,-0.9830,entrenamiento
R0014,2026-01-02,C6,Manana,140,388,195,809.2407,84.1707,17,7.5388,0,143.8671,141.0008,10.0392,75203.1646,-1.2043,-0.2394,-2.0421,1.0457,entrenamiento
R0015,2026-01-02,C7,Manana,141,266,144,1417.9971,46.3412,10,15.1425,1,140.1281,134.9362,10.4820,78630.7482,-1.2741,0.7337,0.7769,-0.0156,entrenamiento
R0016,2026-01-02,C8,Manana,153,277,162,645.7695,43.5434,15,19.0469,0,151.8196,151.2431,7.2673,52185.1475,-1.1170,-0.3754,-0.6407,-0.5138,entrenamiento
R0017,2026-01-03,C1,Tarde,157,260,207,2031.5128,89.4279,15,17.5977,0,150.9218,155.6822,14.9507,114617.1038,0.5206,-1.0399,0.7871,-1.9728,entrenamiento
R0018,2026-01-03,C2,Tarde,158,398,191,947.4271,91.8768,10,1.8131,1,160.1598,157.4600,16.7912,126294.1919,0.9772,-0.4945,1.1532,1.6475,entrenamiento
R0019,2026-01-03,C3,Manana,142,411,191,1759.4978,58.5028,10,5.1123,1,139.3726,153.1441,4.5125,35768.9289,-0.7499,-1.3278,-0.9712,0.3291,entrenamiento
R0020,2026-01-03,C4,Manana,143,481,171,400.5624,73.4120,14,9.0167,0,139.8155,133.7408,4.9873,38346.1225,1.4356,-1.7103,-1.5128,-0.6547,entrenamiento
R0021,2026-01-03,C5,Manana,150,370,197,469.0515,38.6652,17,9.6493,0,146.6884,145.8120,10.0562,75605.9387,0.6385,1.1868,0.6109,1.2952,entrenamiento
R0022,2026-01-03,C6,Tarde,165,257,219,1463.4525,71.8029,8,7.2955,0,162.1578,169.2217,8.1785,60399.3174,0.2260,-1.0114,-0.2063,0.4335,entrenamiento
R0023,2026-01-03,C7,Manana,166,580,230,2168.9956,51.3221,17,26.6139,1,161.9498,163.3015,10.4288,77069.7302,-0.2472,0.5810,0.1561,-0.2670,entrenamiento
R0024,2026-01-03,C8,Tarde,147,394,177,1215.4600,46.4147,17,29.3501,1,147.6003,152.8740,8.3189,62153.2598,-0.9365,-0.0782,0.3872,-1.4660,entrenamiento
R0025,2026-01-04,C1,Tarde,158,264,177,478.7515,76.1436,11,4.1382,1,158.0903,154.2909,9.8010,72664.6197,-1.2491,0.6709,0.0980,1.9957,entrenamiento
R0026,2026-01-04,C2,Manana,153,390,197,1032.9112,88.1933,10,3.7569,0,155.3472,156.9492,11.9202,89579.7608,0.2152,1.2845,0.3513,-0.4505,entrenamiento
R0027,2026-01-04,C3,Tarde,161,289,168,1639.4532,53.5078,16,28.8176,1,157.1343,168.2567,8.0884,60765.6594,1.6236,-0.0334,-0.4631,0.7302,entrenamiento
R0028,2026-01-04,C4,Manana,137,292,145,789.4595,36.5592,15,9.5966,0,141.8181,136.3981,8.9178,68165.0153,0.8375,0.6690,0.2167,-0.4019,entrenamiento
R0029,2026-01-04,C5,Manana,148,459,156,1336.0000,66.9924,13,28.2681,0,147.1194,158.8049,3.3114,25945.8865,0.5170,0.7656,-0.6017,-0.0521,entrenamiento
R0030,2026-01-04,C6,Tarde,117,386,126,1527.0977,52.6215,10,15.9454,1,123.2853,126.1260,6.8696,52029.9507,-0.6726,1.3686,0.7423,-0.4840,entrenamiento
R0031,2026-01-04,C7,Manana,146,492,187,1528.1951,83.9858,10,15.6175,1,140.9408,145.7878,12.2076,90389.1365,1.4611,0.1581,0.9455,0.2257,entrenamiento
R0032,2026-01-04,C8,Manana,153,391,169,719.6544,54.8951,7,3.2100,1,152.3223,149.1271,10.5121,76530.6818,0.1861,-1.2392,1.5240,0.8487,entrenamiento
R0033,2026-01-05,C1,Manana,140,313,166,1532.2860,84.2962,9,27.3824,0,139.8720,136.4904,13.6888,103379.5777,0.0320,-0.3810,-0.1420,0.4822,entrenamiento
R0034,2026-01-05,C2,Tarde,156,540,143,671.1413,71.0942,14,14.9514,1,157.3311,162.7466,8.8230,68683.4265,0.5859,0.9013,-1.4421,0.1859,entrenamiento
R0035,2026-01-05,C3,Manana,135,231,161,1179.8915,46.4940,7,25.4578,0,135.9213,130.5500,10.0478,76505.8108,0.7167,0.3704,0.0439,1.1967,entrenamiento
R0036,2026-01-05,C4,Manana,171,466,201,1794.3243,74.7505,7,23.9888,1,175.1945,173.9464,15.0717,113865.9667,0.0517,-1.4835,-0.2692,-1.2801,entrenamiento
R0037,2026-01-05,C5,Tarde,145,473,182,2098.7938,39.1249,8,27.1385,0,149.9020,149.5977,14.3390,105880.5401,-0.6913,2.2131,1.9260,0.9798,entrenamiento
R0038,2026-01-05,C6,Tarde,174,430,191,1813.1472,78.0560,7,3.7945,1,178.2555,173.6826,16.7651,123859.2269,1.2702,-0.1428,-1.0004,1.5163,entrenamiento
R0039,2026-01-05,C7,Manana,150,337,199,2041.6144,43.1659,15,28.7573,1,157.1567,135.9738,6.6886,51165.1754,0.5183,1.1697,-0.5346,-0.7427,entrenamiento
R0040,2026-01-05,C8,Tarde,186,341,214,936.9956,89.0152,9,0.2588,1,184.6350,183.1764,16.5581,123863.7795,-0.8809,-0.1580,0.8036,0.6979,entrenamiento
R0041,2026-01-06,C1,Manana,128,395,136,771.9948,44.9716,8,1.8407,0,130.1424,127.1481,9.5406,72253.2830,-0.2672,-1.3449,0.2857,0.8492,entrenamiento
R0042,2026-01-06,C2,Manana,163,375,167,1194.9057,36.0274,13,26.7423,0,162.2432,158.7522,12.3767,92168.8346,-0.7369,0.4040,-0.0876,-2.9919,entrenamiento
R0043,2026-01-06,C3,Manana,150,442,147,2064.4633,87.7713,8,15.1538,0,148.2044,151.0943,19.2955,144338.6334,-1.8915,2.2389,0.6063,-0.2662,entrenamiento
R0044,2026-01-06,C4,Manana,146,469,181,2116.2180,67.8483,8,18.2079,1,147.9236,147.6508,11.7655,84604.0764,1.1370,-0.0745,1.1963,-1.0146,entrenamiento
R0045,2026-01-06,C5,Manana,158,399,189,874.3141,47.9343,15,5.0479,0,154.3556,162.3832,7.4720,58559.7140,1.3114,0.6563,-1.0252,-0.7319,entrenamiento
R0046,2026-01-06,C6,Tarde,162,547,161,1157.9766,58.4133,16,7.1477,0,160.6015,157.3211,11.7734,88280.8314,-0.4535,1.3492,-0.7337,-0.0281,entrenamiento
R0047,2026-01-06,C7,Manana,151,467,195,2132.9550,48.7332,17,12.8717,1,152.0288,157.9706,6.6781,49426.0155,2.0593,-0.5113,1.6521,-0.1153,entrenamiento
R0048,2026-01-06,C8,Tarde,125,375,122,567.6786,65.7425,13,25.3368,0,126.7673,117.5838,7.8394,56061.9718,0.1316,-0.9260,-0.0154,-0.3522,entrenamiento
R0049,2026-01-07,C1,Tarde,156,305,204,1800.2298,43.0264,10,23.8843,0,153.0788,155.2455,14.2034,107669.6953,0.1126,-0.0649,-0.5615,-0.0251,entrenamiento
R0050,2026-01-07,C2,Manana,167,446,225,1131.5489,40.6559,10,8.5525,0,163.8999,166.7156,10.4573,79170.6554,0.1052,0.4408,0.7531,1.3493,entrenamiento
R0051,2026-01-07,C3,Tarde,160,264,182,960.1833,60.8400,10,21.9421,0,162.3560,157.1824,7.7337,56291.6908,1.4403,-0.5003,1.4312,0.8237,entrenamiento
R0052,2026-01-07,C4,Tarde,149,251,140,901.1950,77.7163,8,8.8692,1,148.5948,144.4960,10.9764,81264.7263,0.9934,1.8329,-0.6363,0.1435,entrenamiento
R0053,2026-01-07,C5,Manana,164,376,194,1700.6407,55.4813,11,24.3843,0,162.6281,165.0503,7.8177,60348.2835,-0.2248,-1.0021,0.5207,0.7500,entrenamiento
R0054,2026-01-07,C6,Manana,158,289,178,1470.1937,77.7622,14,14.6452,1,152.7040,159.8681,6.5768,51559.7354,-0.9382,-0.4480,1.1752,-0.8724,entrenamiento
R0055,2026-01-07,C7,Manana,165,457,195,1356.0013,85.0082,15,22.3295,1,166.7576,163.5800,12.5345,95271.9947,0.2593,0.2735,2.8689,1.0040,entrenamiento
R0056,2026-01-07,C8,Tarde,144,490,181,1247.7892,37.2781,14,18.1646,0,140.4231,138.4295,10.3003,77103.5170,0.0906,-0.7611,-0.4371,-1.0421,entrenamiento
R0057,2026-01-08,C1,Tarde,162,399,190,1508.7164,58.7290,16,16.9587,1,161.9081,165.4150,6.5403,49788.8566,-1.1381,-1.0388,-0.4472,1.2054,entrenamiento
R0058,2026-01-08,C2,Tarde,144,226,178,1324.9840,66.8226,14,17.8036,1,144.1047,141.1472,7.9176,60133.9396,0.3595,-0.8290,0.0424,-0.5069,entrenamiento
R0059,2026-01-08,C3,Tarde,151,402,159,564.4950,91.9788,11,17.4955,1,147.8012,158.0649,15.5734,115983.6055,0.2662,-1.0962,-0.8207,-0.4059,entrenamiento
R0060,2026-01-08,C4,Manana,167,427,177,2111.9302,91.5594,10,12.5811,0,159.5449,155.6669,20.1449,150933.2293,2.0110,1.0330,-1.2729,-0.0280,entrenamiento
R0061,2026-01-08,C5,Tarde,141,269,134,1637.6792,68.6548,7,2.6937,0,134.8575,138.3795,8.5606,62025.8192,1.2568,-1.8097,1.3567,-1.3855,entrenamiento
R0062,2026-01-08,C6,Tarde,140,285,178,1009.4621,80.5995,11,13.9402,1,143.0924,127.1437,10.0426,76098.2476,-2.2800,-0.0318,-1.9506,1.0849,entrenamiento
R0063,2026-01-08,C7,Tarde,160,536,210,2111.6724,66.5603,9,0.2931,0,162.7946,161.8203,11.8138,87766.8239,-0.9205,0.5897,-0.7477,-0.4299,entrenamiento
R0064,2026-01-08,C8,Manana,161,325,154,1779.4919,36.9434,17,8.1654,1,162.9159,158.2328,13.8806,102962.3125,-0.7793,0.3364,0.0543,-0.5234,entrenamiento
R0065,2026-01-09,C1,Tarde,153,450,192,439.3722,56.0842,10,10.6369,0,151.6854,157.8352,6.5480,50230.7477,0.2116,-0.0311,-0.3907,-0.0090,entrenamiento
R0066,2026-01-09,C2,Tarde,152,444,197,554.9416,83.5879,12,4.3897,0,150.9118,154.5052,10.5996,77087.9021,0.2721,0.1340,-0.8702,-0.3754,entrenamiento
R0067,2026-01-09,C3,Tarde,146,228,197,NA,62.7691,7,26.0247,0,148.0241,143.2652,10.8988,83026.5087,-1.3682,-0.3325,-0.7023,1.0606,entrenamiento
R0068,2026-01-09,C4,Tarde,174,502,238,1036.4933,90.0438,9,1.6767,1,175.7023,167.9422,22.0689,164389.9626,-1.3414,-2.1408,-0.7221,0.7304,entrenamiento
R0069,2026-01-09,C5,Tarde,136,302,136,422.8440,80.1112,10,3.3514,1,134.0100,128.8063,10.4066,77937.0870,1.2584,1.0707,-0.1405,-0.1164,entrenamiento
R0070,2026-01-09,C6,Manana,155,408,144,1801.7559,49.8974,17,11.1493,1,157.3518,151.9254,7.3051,57028.8857,-0.9405,1.4463,-0.7888,0.5383,entrenamiento
R0071,2026-01-09,C7,Tarde,159,264,156,664.5498,63.8285,15,19.1376,0,163.4484,153.9144,4.8295,38671.5215,-1.0303,-0.9502,0.0059,0.3028,entrenamiento
R0072,2026-01-09,C8,Tarde,150,308,190,1569.8510,75.7758,12,12.0801,1,149.9241,143.6987,5.9637,44890.8535,1.0723,0.6075,0.1554,0.6447,entrenamiento
R0073,2026-01-10,C1,Manana,140,419,141,1355.5965,55.8565,9,17.5249,1,138.9591,138.4997,8.5949,66965.8691,1.4603,-0.3824,1.0321,1.0399,entrenamiento
R0074,2026-01-10,C2,Manana,124,383,153,623.3995,50.8111,14,27.0929,1,127.6128,131.8667,6.5116,48630.5939,-0.7716,0.7877,0.1430,-0.4635,entrenamiento
R0075,2026-01-10,C3,Tarde,164,419,167,1513.2290,NA,9,13.2711,1,166.3531,163.9313,13.0794,98390.3287,0.0156,-0.8796,0.0344,-1.6661,entrenamiento
R0076,2026-01-10,C4,Manana,146,477,191,1905.8326,91.1258,11,20.8059,1,149.8980,138.7262,17.6582,132991.7715,0.6267,2.1902,-0.8602,0.4370,entrenamiento
R0077,2026-01-10,C5,Tarde,115,383,118,690.9678,67.4942,13,16.4468,1,114.7358,126.0040,4.7903,37412.7723,0.1194,0.6261,0.1826,-2.3224,entrenamiento
R0078,2026-01-10,C6,Tarde,152,475,196,2099.9762,70.7894,7,4.4005,1,155.6670,147.3782,11.1986,84892.7332,-1.6666,0.6486,-0.0080,-2.2070,entrenamiento
R0079,2026-01-10,C7,Manana,163,457,147,1615.2709,90.6016,16,19.2533,1,161.8541,162.0480,16.4755,123448.8653,-2.2235,1.3604,0.1628,-0.0128,entrenamiento
R0080,2026-01-10,C8,Tarde,153,368,163,1852.9908,85.7243,14,0.7007,0,148.7631,147.4044,14.4775,106480.0046,-0.5879,0.6526,-0.0041,1.0723,entrenamiento
R0081,2026-01-11,C1,Tarde,159,313,197,1453.9122,86.9380,16,8.1544,1,156.5619,154.5081,14.9174,112506.3224,-0.7992,0.0995,0.1527,0.1938,entrenamiento
R0082,2026-01-11,C2,Tarde,162,386,216,966.0081,NA,13,26.0447,1,160.6450,160.7415,5.7932,44056.0550,-1.4727,0.4101,-0.2768,0.2400,entrenamiento
R0083,2026-01-11,C3,Tarde,149,236,163,NA,45.1032,12,2.5057,0,148.5506,150.7744,9.3792,70274.1027,2.2574,1.9129,1.2845,0.5829,entrenamiento
R0084,2026-01-11,C4,Tarde,158,389,159,1707.0041,58.0253,9,3.3763,1,155.9028,163.9475,9.3167,70829.6360,0.3698,-0.0190,0.7413,0.1513,entrenamiento
R0085,2026-01-11,C5,Tarde,150,305,194,740.1143,68.6058,8,10.7555,1,152.4488,152.4434,11.9769,90707.3195,-0.0393,-0.0595,0.6122,-0.5871,entrenamiento
R0086,2026-01-11,C6,Manana,157,413,160,1955.1034,78.2667,13,4.3215,0,157.4769,146.6314,11.4437,85349.9054,1.2155,-0.0649,-0.2991,0.9240,entrenamiento
R0087,2026-01-11,C7,Tarde,146,254,192,1883.4061,61.9074,11,14.7235,1,149.9541,146.5777,6.8141,50715.5962,2.1445,-1.8454,-0.8497,-2.7573,entrenamiento
R0088,2026-01-11,C8,Tarde,135,371,157,735.3838,38.8471,17,12.1249,1,131.2215,134.0405,10.6903,80532.5301,-0.5614,1.2922,0.6151,-0.5445,entrenamiento
R0089,2026-01-12,C1,Manana,159,311,160,952.7321,36.4538,9,25.2307,0,160.2007,160.8260,15.4417,117663.5086,-0.1128,-0.6065,-0.9747,0.2051,entrenamiento
R0090,2026-01-12,C2,Manana,159,474,214,NA,36.4137,17,2.8742,1,159.0382,155.0711,14.3796,108439.1419,-0.1396,-1.2193,-0.4849,-1.0212,entrenamiento
R0091,2026-01-12,C3,Tarde,151,250,174,1046.9047,57.4595,17,9.5668,0,148.3711,156.8056,5.4845,38721.1117,1.1649,-0.7168,-0.8539,-0.9052,entrenamiento
R0092,2026-01-12,C4,Manana,133,424,151,805.9577,80.2439,10,11.7980,1,135.1933,130.2086,9.9431,78489.8715,0.2166,1.0440,-1.6090,1.0940,entrenamiento
R0093,2026-01-12,C5,Manana,156,257,146,1227.5128,72.1312,10,14.1695,1,159.9737,151.5174,8.3824,62943.6842,1.0168,-0.4297,0.9064,-0.1552,entrenamiento
R0094,2026-01-12,C6,Manana,163,527,171,2079.2120,56.7984,11,19.6106,1,165.5433,162.1709,9.6973,69121.8590,-0.9947,1.9050,-0.1087,0.2956,entrenamiento
R0095,2026-01-12,C7,Manana,141,240,146,1923.4834,47.9465,11,7.8290,0,139.2942,141.3910,7.4022,56103.4833,1.0482,-0.0603,0.0358,0.3955,entrenamiento
R0096,2026-01-12,C8,Tarde,128,327,126,NA,50.8684,8,1.6924,1,117.9277,127.1285,9.2515,67898.8292,-0.8832,0.5980,0.4805,1.1766,entrenamiento
R0097,2026-01-13,C1,Manana,150,379,173,924.5225,38.6440,17,26.7052,0,149.9346,147.7104,9.1005,68330.0253,-0.0074,-0.3164,-0.8366,0.9884,entrenamiento
R0098,2026-01-13,C2,Tarde,166,456,185,1152.6398,62.3132,10,24.3572,1,164.6804,168.4493,9.0218,71939.2936,0.0534,0.6296,0.0536,0.0429,entrenamiento
R0099,2026-01-13,C3,Manana,152,410,187,800.2143,61.8676,13,15.4913,1,157.3076,154.3329,2.1967,15074.3163,0.9677,-0.9307,-0.1039,0.8803,entrenamiento
R0100,2026-01-13,C4,Manana,160,518,167,506.9935,56.4690,16,20.7103,0,164.6622,151.8849,6.2714,47417.8251,0.4294,0.2685,-0.6401,0.1440,entrenamiento
R0101,2026-01-13,C5,Manana,136,342,165,1816.4363,58.3971,7,1.8136,1,133.1546,128.3499,6.8593,52863.7160,0.1222,0.6157,-1.1833,-1.5761,entrenamiento
R0102,2026-01-13,C6,Tarde,151,481,159,1170.2728,61.6045,11,0.8211,1,153.2379,146.4528,7.0114,53834.3994,-0.1182,0.9094,-0.3848,0.9402,entrenamiento
R0103,2026-01-13,C7,Tarde,134,252,175,1299.0872,35.4800,14,9.6550,1,130.7929,131.9275,13.1281,99093.4363,-0.8908,-0.2584,0.1682,-2.0460,entrenamiento
R0104,2026-01-13,C8,Tarde,164,337,183,702.7260,72.7202,7,5.7664,0,162.1204,175.2163,13.3693,101199.6763,-3.4884,-0.7326,-0.3819,0.7046,entrenamiento
R0105,2026-01-14,C1,Tarde,159,248,147,428.6882,41.3201,12,9.0793,1,161.6321,161.4052,9.3269,71991.7503,0.5517,0.0209,0.3628,1.4665,entrenamiento
R0106,2026-01-14,C2,Tarde,164,546,174,1403.9588,72.3539,8,11.5448,1,167.9406,170.3574,12.6652,94917.4877,0.6241,-0.6520,-0.2773,1.2166,entrenamiento
R0107,2026-01-14,C3,Manana,140,436,151,1816.1859,35.5991,10,14.0383,0,135.3308,135.3006,15.2121,113690.0716,-0.1303,1.6819,-0.2522,0.6556,entrenamiento
R0108,2026-01-14,C4,Tarde,150,369,155,757.9888,80.3245,16,16.9886,0,147.7061,148.7936,9.1412,68948.4977,-0.4065,1.6874,0.4874,-1.3768,entrenamiento
R0109,2026-01-14,C5,Manana,162,527,176,1706.7461,87.3092,14,3.7494,0,162.8881,153.6066,14.7128,110711.9773,1.8734,-1.7901,-0.0744,0.1489,entrenamiento
R0110,2026-01-14,C6,Manana,162,542,204,2145.2806,61.7409,15,15.2274,1,165.4790,154.5420,8.1603,60770.5573,0.2010,0.2496,-0.3194,-1.3895,entrenamiento
R0111,2026-01-14,C7,Manana,142,296,194,938.3322,75.5511,14,6.7322,1,140.5057,132.4408,7.2900,52954.1577,1.6802,-2.2694,-0.2953,1.2323,entrenamiento
R0112,2026-01-14,C8,Manana,177,588,243,2031.7579,88.9583,13,15.7840,0,173.4318,170.3840,17.2862,130089.8020,0.1134,0.0804,-0.4794,-0.1582,entrenamiento
R0113,2026-01-15,C1,Manana,131,230,180,1481.4613,83.0157,12,6.3632,0,125.3459,129.5684,8.1014,58418.8565,0.8392,-2.0236,1.1934,0.8241,entrenamiento
R0114,2026-01-15,C2,Tarde,158,276,155,1694.7520,78.6762,7,12.2008,0,162.3017,161.2098,14.1443,104912.8648,-1.3383,0.5820,0.6819,2.3908,entrenamiento
R0115,2026-01-15,C3,Manana,137,284,165,2158.4564,56.8593,9,27.1788,0,136.7947,144.4656,6.6279,48930.1934,-1.4571,1.3272,-1.4288,-0.8690,entrenamiento
R0116,2026-01-15,C4,Manana,148,390,179,1686.2196,78.5289,10,13.4440,0,145.2439,149.6080,10.7621,80564.3785,-1.3782,0.4923,1.4523,0.6181,entrenamiento
R0117,2026-01-15,C5,Tarde,174,398,174,2127.1650,69.3269,17,0.6262,1,174.9876,172.6788,10.2230,77174.2455,-0.8754,-1.5675,0.1996,0.1660,entrenamiento
R0118,2026-01-15,C6,Manana,147,356,188,1567.0019,78.1260,11,29.4091,0,141.2883,155.3675,10.4466,79545.8410,1.1835,-0.8715,-0.8058,-0.1355,entrenamiento
R0119,2026-01-15,C7,Manana,146,469,155,1094.8512,79.0953,8,23.5092,0,152.6376,153.6817,11.5694,86533.6235,0.8701,-0.9015,-0.0399,0.1994,entrenamiento
R0120,2026-01-15,C8,Tarde,145,482,190,619.5787,58.9861,10,29.2253,1,150.4247,149.9568,6.7811,52105.1429,0.4295,1.7262,-0.4377,-0.1176,entrenamiento
R0121,2026-01-16,C1,Manana,166,462,151,899.6097,56.5791,15,29.1692,0,169.1805,164.0138,6.4695,48536.0176,0.8364,0.9437,0.7110,-1.4851,entrenamiento
R0122,2026-01-16,C2,Tarde,158,474,145,497.1565,72.9617,12,8.4151,1,151.4540,155.1771,10.0044,72954.1523,-0.4598,-0.9891,-0.7001,0.6749,entrenamiento
R0123,2026-01-16,C3,Tarde,145,241,133,925.3215,62.7628,17,19.4280,0,143.9467,150.0124,5.6995,43135.6289,-0.4188,2.0602,0.1149,0.6957,entrenamiento
R0124,2026-01-16,C4,Manana,143,430,197,1006.8104,57.7232,14,25.2726,1,133.4436,141.3298,6.6525,48814.1538,-0.3525,-0.3742,3.1436,-0.2413,entrenamiento
R0125,2026-01-16,C5,Tarde,140,273,145,1888.7963,42.9529,9,0.1430,1,140.4817,141.4032,12.0255,92430.8898,-0.8736,0.6704,-1.9884,-1.2997,entrenamiento
R0126,2026-01-16,C6,Tarde,163,321,219,554.2225,88.3605,14,23.2965,0,163.4893,170.3549,15.4930,115577.8344,2.0015,-0.1630,1.5096,-0.4158,entrenamiento
R0127,2026-01-16,C7,Tarde,143,490,161,NA,91.4704,11,7.1069,1,142.5188,149.3722,15.2249,113963.3453,-0.5985,-0.1792,0.4887,-1.3558,entrenamiento
R0128,2026-01-16,C8,Tarde,132,445,126,2005.4878,41.8093,7,0.6110,0,129.7105,132.8230,14.9836,111890.4312,0.5651,-0.8635,0.4139,-0.6908,entrenamiento
R0129,2026-01-17,C1,Tarde,151,419,170,550.3187,67.5217,13,20.7099,1,151.1811,148.6031,8.7876,64926.7001,0.7266,0.1567,0.0786,0.0010,entrenamiento
R0130,2026-01-17,C2,Manana,164,510,153,434.9005,84.0190,7,11.4911,1,163.1633,161.8117,11.6460,85654.5608,0.1001,0.4277,-0.2482,1.3647,entrenamiento
R0131,2026-01-17,C3,Tarde,169,377,217,2020.7862,84.8895,17,19.8642,0,167.5866,165.9089,15.8165,118686.2960,-0.1401,0.3613,0.8211,-1.5871,entrenamiento
R0132,2026-01-17,C4,Manana,133,325,174,1890.9799,81.8394,10,3.6413,1,134.1360,129.6610,9.1305,67017.0452,-0.0570,0.3630,-0.1724,-0.4750,entrenamiento
R0133,2026-01-17,C5,Tarde,139,320,145,781.1523,91.3861,10,8.6487,0,131.1636,138.2277,16.3597,119625.2139,0.1974,-0.3874,1.5603,1.6197,entrenamiento
R0134,2026-01-17,C6,Tarde,155,512,176,2085.7517,41.7192,11,26.8387,1,151.3375,153.3745,14.3415,106924.9639,-2.2510,0.4234,-0.1058,-0.5070,entrenamiento
R0135,2026-01-17,C7,Manana,157,270,143,763.6196,60.8474,10,4.1474,0,159.0638,157.4104,7.7191,59656.3273,-0.5374,-0.8334,-0.1554,0.4518,entrenamiento
R0136,2026-01-17,C8,Manana,140,328,130,1428.0973,64.0592,13,7.8016,0,137.7078,142.1443,7.0259,51049.0950,-2.0025,-0.1333,1.1728,-0.7975,entrenamiento
R0137,2026-01-18,C1,Manana,165,461,166,1390.8211,65.9437,8,10.9434,0,169.5836,168.3905,11.1770,81465.0596,-1.2652,-1.2665,1.3756,0.6798,entrenamiento
R0138,2026-01-18,C2,Manana,179,329,223,1483.4790,52.0183,9,13.6148,1,179.7128,177.8514,13.3587,101332.9563,0.2042,-1.1396,-0.9088,-0.8500,entrenamiento
R0139,2026-01-18,C3,Manana,131,222,130,1307.3043,91.0717,12,11.1543,0,127.3324,133.7602,13.8255,103385.6350,1.1624,-0.4407,-0.4300,0.4000,entrenamiento
R0140,2026-01-18,C4,Tarde,160,493,160,1749.4689,88.1906,8,27.0396,0,158.2305,160.7291,19.4275,145502.0016,-1.3137,-0.4822,0.7414,0.8714,entrenamiento
R0141,2026-01-18,C5,Tarde,139,391,145,869.0920,59.6363,17,0.7388,1,141.3727,140.7856,9.0275,70900.5220,-0.4145,0.6629,0.3083,1.3562,entrenamiento
R0142,2026-01-18,C6,Tarde,165,393,164,1510.8154,51.1475,10,14.0239,0,167.4458,163.6617,10.1669,76299.7143,1.6997,-2.1288,0.6252,2.0364,entrenamiento
R0143,2026-01-18,C7,Manana,152,440,149,1249.5418,64.0196,10,11.2776,0,148.6789,148.3582,8.1246,60286.0804,1.4428,-0.6973,-0.3925,0.5925,entrenamiento
R0144,2026-01-18,C8,Tarde,161,439,193,487.8552,90.2353,14,9.2813,0,155.1977,149.7503,16.8023,124589.6849,-1.8694,-0.2454,-0.3076,0.2579,entrenamiento
R0145,2026-01-19,C1,Manana,154,267,193,1961.0098,87.9979,12,26.9602,0,157.6877,151.0596,13.2307,100512.2635,1.2907,-0.2296,-1.8506,0.6724,entrenamiento
R0146,2026-01-19,C2,Manana,125,236,159,786.8004,43.6286,9,13.9326,1,128.9494,132.2874,10.4328,77761.3281,-2.0503,-0.9780,-0.6985,-1.4256,entrenamiento
R0147,2026-01-19,C3,Tarde,145,425,193,1967.8725,90.9660,15,11.5175,0,146.1713,148.2228,16.6099,124389.7336,0.9929,0.7479,1.2129,0.1861,entrenamiento
R0148,2026-01-19,C4,Tarde,159,364,220,510.0200,78.2585,16,8.1524,1,160.1119,159.2989,12.4986,94812.8511,-0.4281,-0.3985,-0.9673,0.8379,entrenamiento
R0149,2026-01-19,C5,Manana,149,484,154,1061.5556,73.8301,16,11.7033,0,149.5067,148.2700,7.3512,55519.3778,-0.4558,-0.3294,-1.9839,-0.0442,entrenamiento
R0150,2026-01-19,C6,Tarde,144,460,159,1994.4487,50.8827,7,19.5154,1,149.7571,135.7792,12.5038,90726.2391,-0.7263,0.0420,-1.1830,0.8682,entrenamiento
R0151,2026-01-19,C7,Tarde,144,254,134,1786.6943,87.7790,13,9.6301,1,144.7309,146.6114,15.3556,114045.3553,-1.2322,-0.3445,0.0598,-1.1851,entrenamiento
R0152,2026-01-19,C8,Tarde,158,459,211,734.9073,43.0021,10,5.8629,1,157.3599,163.0361,9.6126,70716.2316,1.1780,-0.1379,1.0870,0.2039,entrenamiento
R0153,2026-01-20,C1,Tarde,166,297,178,944.1742,82.9018,17,3.9072,0,162.1134,170.5139,11.2079,84967.0871,-0.3076,-1.2900,-1.4536,0.2138,entrenamiento
R0154,2026-01-20,C2,Manana,122,219,134,1985.2722,76.3168,14,14.3155,1,120.8242,121.5618,6.0470,43301.5699,-1.1724,-0.3868,-0.2604,0.2672,entrenamiento
R0155,2026-01-20,C3,Manana,136,351,155,1192.8067,44.8394,15,14.3667,1,132.1538,141.2249,4.5843,34188.4269,0.0727,0.9479,0.2764,1.0617,entrenamiento
R0156,2026-01-20,C4,Manana,156,296,144,1596.4020,85.1515,7,9.6100,0,154.5763,160.1594,16.5059,122611.9374,0.2085,-0.0071,0.5129,-1.3308,entrenamiento
R0157,2026-01-20,C5,Tarde,127,366,143,NA,46.3695,13,12.5573,1,126.1645,127.0559,8.1238,62644.4714,-0.3211,0.3266,-0.5504,1.0076,entrenamiento
R0158,2026-01-20,C6,Manana,159,389,161,1839.2179,46.8477,16,26.1865,0,156.8525,161.6364,8.5872,64685.9109,-0.2387,0.6381,1.5043,0.5142,entrenamiento
R0159,2026-01-20,C7,Manana,167,549,156,564.9911,44.4707,15,11.2636,1,167.9131,169.9011,12.0863,91064.9339,1.9004,-1.3826,0.3009,-0.8434,entrenamiento
R0160,2026-01-20,C8,Manana,163,487,157,544.6439,81.2213,13,23.1459,1,163.0172,162.4734,10.7014,80825.6578,0.4051,-0.8422,-1.0553,0.6281,entrenamiento
R0161,2026-01-21,C1,Manana,147,406,192,1230.4495,85.3431,12,24.2637,1,144.6932,143.7550,10.7483,77105.7041,0.3559,-1.3446,0.1931,1.3183,entrenamiento
R0162,2026-01-21,C2,Tarde,132,236,174,1924.5888,56.3729,14,19.2385,0,130.1656,126.0532,4.9003,35364.3919,-1.5634,-2.5893,0.5126,-1.7641,entrenamiento
R0163,2026-01-21,C3,Tarde,143,377,192,NA,47.6926,15,16.4569,1,150.8251,137.0089,8.6264,64396.9701,0.7933,-0.6874,-0.0408,-1.2421,entrenamiento
R0164,2026-01-21,C4,Manana,143,295,163,1673.6578,88.0261,14,16.8957,1,141.8458,139.1009,14.1508,106569.0925,0.4881,0.5389,1.2276,1.2010,entrenamiento
R0165,2026-01-21,C5,Tarde,139,222,189,438.3111,53.4624,9,28.5986,1,136.7495,126.7434,8.8405,65073.7779,0.9784,0.1500,-0.5330,-0.4155,entrenamiento
R0166,2026-01-21,C6,Tarde,164,570,224,796.1234,64.0141,13,0.7099,1,165.2992,160.9382,9.5809,70727.6158,0.6324,-0.3132,-0.3384,-0.2229,entrenamiento
R0167,2026-01-21,C7,Manana,149,499,143,1117.0283,61.3239,9,9.1711,1,150.7849,155.0342,8.5733,63623.3096,1.2719,1.7114,-1.0864,0.7515,entrenamiento
R0168,2026-01-21,C8,Tarde,145,371,144,1018.8500,67.5582,11,1.5110,1,143.4657,151.1485,6.8613,49872.8369,-0.7104,1.9764,-1.7967,-1.1565,entrenamiento
R0169,2026-01-22,C1,Manana,136,219,133,545.8652,79.1749,10,11.2394,1,134.8866,126.0253,11.0454,82805.9122,-0.2657,-1.5419,1.1799,-1.8219,entrenamiento
R0170,2026-01-22,C2,Manana,159,527,193,1031.3233,53.0128,13,16.9019,0,159.0493,147.2714,7.2934,55135.2274,0.0893,2.2581,-0.0850,0.4516,entrenamiento
R0171,2026-01-22,C3,Tarde,141,352,191,NA,71.2987,16,25.6919,1,138.6971,139.9462,4.8509,34789.4782,0.0812,-0.4298,-1.0951,0.8939,entrenamiento
R0172,2026-01-22,C4,Tarde,149,261,144,524.9717,75.6111,12,14.5826,0,151.1972,149.2186,7.7688,56283.8169,-1.7622,0.4980,1.4267,2.0544,entrenamiento
R0173,2026-01-22,C5,Tarde,161,261,163,1704.6428,90.1525,15,22.0073,1,160.8567,159.7862,16.1679,123001.4111,0.3042,1.4991,-0.8053,0.1880,entrenamiento
R0174,2026-01-22,C6,Manana,149,357,193,1885.7495,45.1812,15,0.2061,0,155.5892,149.6371,10.0845,74121.0515,0.0967,-0.4361,0.7051,-0.0611,entrenamiento
R0175,2026-01-22,C7,Manana,145,305,176,2121.1166,83.8013,12,22.7674,0,148.2064,141.4447,10.1565,76305.9077,-0.4952,-0.8687,-0.5762,-0.3393,entrenamiento
R0176,2026-01-22,C8,Manana,128,360,130,1661.5034,56.0063,8,18.3628,1,126.0553,124.8450,6.5965,49032.3132,0.4214,-0.5404,-0.4552,-1.1405,entrenamiento
R0177,2026-01-23,C1,Tarde,147,461,205,1749.6818,69.7450,13,16.1157,1,147.7986,148.9513,7.8027,58544.9288,-0.8293,-0.4268,-1.5758,0.4626,entrenamiento
R0178,2026-01-23,C2,Manana,133,246,171,1491.8799,37.4838,12,6.3065,1,130.3266,139.6936,7.1830,52316.6165,0.7132,0.4156,-0.2555,-0.6198,entrenamiento
R0179,2026-01-23,C3,Manana,140,266,177,414.1905,79.1696,12,16.0765,1,140.2758,141.2556,5.9515,48353.0981,-0.8515,-0.5731,0.5909,1.7293,entrenamiento
R0180,2026-01-23,C4,Manana,167,467,171,1409.5668,87.4304,16,3.2137,0,162.1580,165.9375,15.8359,117913.7209,-0.5333,0.6092,0.4511,-1.8507,entrenamiento
R0181,2026-01-23,C5,Manana,150,383,190,449.4937,64.4433,17,7.9987,1,153.1742,137.8411,3.9101,32205.8061,-0.0778,0.5026,0.6426,0.9818,entrenamiento
R0182,2026-01-23,C6,Tarde,167,285,220,1499.6928,74.7813,12,0.4505,1,167.2592,165.7581,8.0959,59985.5838,-0.6423,0.0777,-1.0133,-1.8592,entrenamiento
R0183,2026-01-23,C7,Manana,140,282,131,1431.4405,82.0282,7,23.7972,0,142.3939,138.9551,10.5253,79502.2259,0.6427,0.4061,0.5494,-0.9229,entrenamiento
R0184,2026-01-23,C8,Manana,132,241,123,583.7149,60.8179,11,16.9289,0,134.0506,136.6486,6.1970,45978.2438,-0.7652,1.0271,2.0522,-0.2633,entrenamiento
R0185,2026-01-24,C1,Tarde,158,418,167,1038.2269,87.8331,13,12.9606,0,157.4779,151.2079,14.9097,111083.8671,-0.8575,-1.2067,-0.3659,0.7848,entrenamiento
R0186,2026-01-24,C2,Tarde,163,289,158,536.6523,84.6724,12,18.2009,0,163.7583,165.6252,12.8074,97680.0022,0.3307,-0.9470,1.0287,1.2286,entrenamiento
R0187,2026-01-24,C3,Tarde,164,484,210,1674.3597,56.9915,16,22.1140,0,156.0406,158.7196,10.3936,76995.1923,0.3773,1.5251,0.0053,-0.6120,entrenamiento
R0188,2026-01-24,C4,Manana,138,443,131,1738.7064,80.5890,15,15.3498,1,134.7973,142.2463,10.0155,74968.8561,1.0684,-0.8457,1.3803,0.8365,entrenamiento
R0189,2026-01-24,C5,Manana,146,457,173,1133.7221,57.3192,16,29.6210,1,148.6442,139.7937,6.6858,48471.6047,0.0985,0.9877,0.3208,0.1137,entrenamiento
R0190,2026-01-24,C6,Manana,146,319,156,1813.6058,52.3923,17,11.8959,0,143.4844,154.3268,4.5823,34956.9186,0.5077,-1.2134,0.2810,-0.1536,entrenamiento
R0191,2026-01-24,C7,Manana,157,440,159,418.3642,84.9368,10,14.9303,0,158.0026,167.8806,13.6273,98833.2220,-0.2606,2.0520,1.2584,1.0074,entrenamiento
R0192,2026-01-24,C8,Tarde,148,428,144,1588.0838,53.6328,10,27.2246,1,153.5340,140.1083,9.9391,76175.6137,0.8735,0.6390,-1.4548,-0.8766,entrenamiento
R0193,2026-01-25,C1,Manana,155,330,162,1425.8149,61.1546,13,26.1068,0,153.6598,155.3726,8.3306,63585.6574,-0.3727,1.2197,-1.4620,-1.6311,entrenamiento
R0194,2026-01-25,C2,Tarde,150,242,158,404.6624,68.2751,8,28.0913,1,148.0894,153.9320,8.6941,65573.0718,0.2986,-0.0078,0.6878,-0.8321,entrenamiento
R0195,2026-01-25,C3,Manana,168,278,200,1540.0904,43.9111,7,16.9854,0,166.2251,171.0941,14.7976,109885.8457,0.7773,-1.5867,-1.2238,-0.4986,entrenamiento
R0196,2026-01-25,C4,Manana,150,341,151,1954.2254,77.5831,8,4.0279,0,146.4667,153.8266,10.9833,80697.0362,-0.3585,-0.2224,-0.8540,-0.2594,entrenamiento
R0197,2026-01-25,C5,Tarde,145,298,167,1492.3675,44.4502,11,0.6052,0,146.3378,143.9933,9.5181,71009.6965,1.2496,-0.0827,0.0508,-1.5424,entrenamiento
R0198,2026-01-25,C6,Tarde,165,343,212,1388.0524,54.3502,9,4.5768,0,166.3184,159.5389,9.2491,72930.4090,-1.3282,-0.3654,1.8235,-1.8527,entrenamiento
R0199,2026-01-25,C7,Manana,149,299,142,975.7564,45.7612,7,24.0617,1,147.2205,152.5125,11.3193,86472.0375,0.5965,-0.1792,0.7925,1.7170,entrenamiento
R0200,2026-01-25,C8,Manana,164,318,229,613.8067,50.9728,13,5.5582,1,167.6690,166.3962,8.2125,64045.7884,1.5150,0.8579,-1.0510,-0.7332,entrenamiento
R0201,2026-01-26,C1,Tarde,136,274,146,1052.7381,41.1588,8,25.6422,1,139.0068,140.0832,12.7922,98281.0318,0.2140,-0.7178,0.2138,-1.1033,entrenamiento
R0202,2026-01-26,C2,Tarde,144,236,201,1716.5054,35.9863,15,11.4874,1,148.1937,140.3398,13.4757,101053.6773,-0.0284,-0.4761,-1.1228,0.5036,entrenamiento
R0203,2026-01-26,C3,Manana,145,377,138,2151.1306,80.6300,10,26.1157,1,141.8081,151.8347,12.2552,92421.2897,1.7856,-0.3651,-0.7833,-0.0370,entrenamiento
R0204,2026-01-26,C4,Tarde,140,456,153,1002.0614,50.3103,8,2.1093,1,139.6275,146.0326,8.5026,66520.6187,-0.4627,-0.6554,-0.3805,-0.8331,entrenamiento
R0205,2026-01-26,C5,Tarde,157,536,185,1142.7248,80.1181,11,0.4735,0,155.6043,161.4115,14.3507,108345.8072,-0.1274,0.8127,-0.2000,0.1362,entrenamiento
R0206,2026-01-26,C6,Manana,160,296,163,1195.7651,91.8995,16,28.3328,0,162.7377,160.3783,17.1647,129956.4550,-0.9370,-0.9159,-0.4803,0.0345,entrenamiento
R0207,2026-01-26,C7,Tarde,143,230,150,NA,59.0923,10,17.7354,0,138.2243,147.9318,5.2524,38952.4164,-1.3606,0.3462,2.0753,0.3598,entrenamiento
R0208,2026-01-26,C8,Manana,131,452,123,2015.6554,81.0510,9,11.8240,0,139.6798,138.3365,14.7774,112151.3762,-0.6149,1.1595,0.3584,0.6947,entrenamiento
R0209,2026-01-27,C1,Tarde,142,271,177,680.4966,52.6625,15,29.5125,1,144.1569,145.2931,3.5601,25702.0959,0.9306,0.9051,-0.0806,-0.6742,entrenamiento
R0210,2026-01-27,C2,Tarde,138,393,135,1880.5872,61.6825,15,18.8657,1,136.4229,135.6905,6.6236,49760.1664,0.2489,0.7841,1.8067,-0.4543,entrenamiento
R0211,2026-01-27,C3,Manana,143,448,188,1096.9728,61.6479,15,29.3631,1,147.5601,136.8675,6.6286,49815.9612,0.8465,-1.2089,-1.0140,-1.4822,entrenamiento
R0212,2026-01-27,C4,Tarde,149,519,174,953.1817,91.8110,9,26.9941,1,148.4760,140.0036,17.3773,130927.4056,0.3538,0.8136,0.0819,-1.7977,entrenamiento
R0213,2026-01-27,C5,Manana,143,433,144,2172.7402,58.6713,11,26.4239,0,142.3803,142.4954,9.0157,68123.8780,1.1447,-0.6306,-0.9048,0.3818,entrenamiento
R0214,2026-01-27,C6,Manana,142,430,187,1250.0546,35.9231,12,12.5481,0,140.0908,147.9742,12.4913,94634.9034,0.0874,0.4969,1.0675,0.9419,entrenamiento
R0215,2026-01-27,C7,Manana,148,271,154,1456.6606,46.1305,8,13.5447,1,143.4789,147.5646,7.1145,52013.6619,-0.5215,-0.3060,-0.1238,-1.6944,entrenamiento
R0216,2026-01-27,C8,Manana,126,336,166,1104.2633,80.4121,16,7.1370,1,129.6887,125.7329,8.5337,64515.0840,-0.2579,-0.0115,1.1083,-0.6915,entrenamiento
R0217,2026-01-28,C1,Manana,135,358,178,1675.6811,40.3059,15,10.5111,0,131.3272,131.6620,9.8729,75628.7980,0.2867,-0.1414,0.4745,-1.7727,entrenamiento
R0218,2026-01-28,C2,Manana,149,311,142,843.8215,84.1879,9,28.7081,1,151.0735,143.8838,11.7447,88228.4205,-0.8655,-0.6111,0.5957,0.0435,entrenamiento
R0219,2026-01-28,C3,Tarde,153,291,212,1823.1306,49.7028,14,9.5622,1,153.8452,150.8569,5.8957,45176.2506,0.1548,1.3643,0.6574,0.1240,entrenamiento
R0220,2026-01-28,C4,Manana,152,510,205,448.3903,77.2882,14,14.1067,0,154.8538,157.4485,9.7666,75114.3400,1.4269,1.3248,0.2770,-0.4238,entrenamiento
R0221,2026-01-28,C5,Manana,146,493,133,1729.7801,44.6621,15,0.7192,0,144.4897,140.4476,6.9788,54358.9637,1.7541,-0.9031,-0.3697,-0.0241,entrenamiento
R0222,2026-01-28,C6,Tarde,145,477,151,2095.9486,38.8310,9,7.3428,1,142.8999,139.7834,15.2127,113546.1029,-0.7002,0.2874,-0.4767,0.4668,entrenamiento
R0223,2026-01-28,C7,Manana,128,413,119,1060.2949,65.9152,17,2.6307,1,127.0456,128.5218,4.3161,33724.7975,0.7768,-1.1159,-1.1633,-0.3258,entrenamiento
R0224,2026-01-28,C8,Manana,150,441,163,768.7458,63.1441,14,0.0466,0,147.5625,151.2031,4.1812,31017.1802,-0.7245,0.4930,-0.3502,-0.7516,entrenamiento
R0225,2026-01-29,C1,Tarde,167,463,188,488.0833,70.8725,15,27.5377,0,165.3010,168.2246,8.8237,65196.8258,-0.3661,1.6934,1.6988,1.1012,entrenamiento
R0226,2026-01-29,C2,Tarde,149,406,164,486.8269,43.2203,7,18.7236,1,144.1739,148.0144,8.6741,62992.1173,-0.1101,0.0922,-1.0163,-0.1633,entrenamiento
R0227,2026-01-29,C3,Tarde,157,309,151,754.2286,76.4223,10,22.1612,0,155.7610,167.0216,12.1156,89572.6732,0.9615,0.8142,-0.7635,-1.0839,entrenamiento
R0228,2026-01-29,C4,Tarde,167,532,161,2159.5251,55.8518,10,17.5376,0,167.6411,170.0548,14.7204,110146.0143,0.5614,0.5668,-1.2973,-0.7916,entrenamiento
R0229,2026-01-29,C5,Tarde,150,237,187,563.9946,44.3351,13,11.5638,0,148.5832,150.6269,10.2081,74677.6930,-0.1694,0.2312,0.5349,-0.5781,entrenamiento
R0230,2026-01-29,C6,Manana,133,405,144,667.8500,39.4934,8,10.5987,1,127.6515,136.6248,13.1513,100452.4657,-0.2333,1.6578,0.1586,-0.0407,entrenamiento
R0231,2026-01-29,C7,Manana,140,404,183,1364.8719,86.6718,11,29.8208,0,139.0654,144.3311,12.6960,95853.8575,0.2471,-0.9122,-0.7334,1.2296,entrenamiento
R0232,2026-01-29,C8,Manana,151,339,204,2071.3225,66.6538,12,26.8171,1,151.6860,148.1403,6.3139,46723.0842,1.8082,-0.1470,-0.1448,0.8422,entrenamiento
R0233,2026-01-30,C1,Manana,135,214,173,916.3734,66.2431,11,17.6252,1,135.6882,142.1828,3.8761,28798.0520,-1.9371,-0.0139,-2.1311,0.2953,entrenamiento
R0234,2026-01-30,C2,Tarde,142,232,197,1733.3280,81.0883,14,21.9100,0,144.2676,137.4374,11.8752,87015.3671,-0.9498,0.7160,1.0454,-0.9744,entrenamiento
R0235,2026-01-30,C3,Manana,164,477,198,1904.4300,86.4809,14,17.4391,1,160.6359,149.8953,16.7622,124506.0642,-0.5456,1.7781,3.0698,0.2341,entrenamiento
R0236,2026-01-30,C4,Manana,154,471,145,1297.8579,88.8768,8,11.6441,1,154.9217,146.3906,20.2504,151097.8670,0.0429,0.1016,1.5546,-1.1642,entrenamiento
R0237,2026-01-30,C5,Tarde,149,411,204,1272.3360,80.9684,8,17.1881,0,148.6396,161.8725,14.7434,111187.0092,0.6762,0.0835,-0.6811,1.5089,entrenamiento
R0238,2026-01-30,C6,Manana,172,314,165,1130.4733,79.3730,8,20.8936,0,174.9478,176.0725,13.8468,103967.1932,1.0147,0.6093,2.4868,-2.1736,entrenamiento
R0239,2026-01-30,C7,Tarde,141,402,184,1888.1368,58.4807,15,19.6193,0,145.9195,142.9777,6.3695,47211.3620,-0.3081,0.1973,0.7068,0.7122,entrenamiento
R0240,2026-01-30,C8,Tarde,144,230,169,483.7761,86.6141,11,25.0258,0,145.5374,136.8297,12.1082,92560.0499,-1.4334,-1.1290,-2.1543,-0.5709,entrenamiento
R0241,2026-01-31,C1,Tarde,155,334,154,1087.0340,58.6091,10,14.3512,1,155.8669,160.2953,7.5461,56226.5836,0.4570,0.5810,0.3369,-0.7803,entrenamiento
R0242,2026-01-31,C2,Tarde,163,492,210,2177.1573,79.5167,9,15.0960,0,162.3304,157.4959,15.4507,115411.5938,0.4997,-1.7009,-0.2676,0.4066,entrenamiento
R0243,2026-01-31,C3,Manana,145,502,180,838.6996,54.8818,17,21.5242,0,142.9051,141.9041,4.5903,33016.8667,0.3414,2.3414,1.1919,1.9564,entrenamiento
R0244,2026-01-31,C4,Manana,134,466,139,564.7421,46.1766,17,0.3129,1,129.0602,129.5178,4.2398,31118.4197,0.9485,-1.0575,-0.4329,0.8305,entrenamiento
R0245,2026-01-31,C5,Manana,169,257,204,858.8552,62.1484,9,17.2369,1,171.5319,173.9341,10.1815,76472.8906,0.2066,0.6650,-0.1209,-1.6483,entrenamiento
R0246,2026-01-31,C6,Manana,151,486,169,919.7013,86.5434,16,27.6918,1,154.5060,154.9915,14.6994,111972.2139,-1.6038,-1.9839,-0.9845,0.5024,entrenamiento
R0247,2026-01-31,C7,Tarde,140,400,132,1433.5534,63.0313,13,26.7134,0,140.2000,147.2977,3.7010,25688.9847,0.4692,0.3134,1.6548,0.1467,entrenamiento
R0248,2026-01-31,C8,Manana,155,381,158,1716.9542,55.1538,10,21.2158,1,155.5120,154.7030,9.1714,68589.4443,-0.6723,0.8165,0.1901,0.4919,entrenamiento
R0249,2026-02-01,C1,Tarde,150,499,156,1222.1806,36.1934,14,1.1806,1,153.4097,152.7509,14.8890,113081.3022,-0.5904,-0.8570,-0.3571,1.5902,entrenamiento
R0250,2026-02-01,C2,Tarde,132,243,133,1936.8225,87.7293,8,27.3030,1,133.4553,131.3073,17.0474,129722.3441,-1.0981,0.2783,1.6219,-0.8483,entrenamiento
R0251,2026-02-01,C3,Tarde,147,263,181,828.1363,70.8087,14,10.9676,1,145.7257,154.0969,8.1867,59745.0642,0.1545,0.7371,2.0480,-1.3565,entrenamiento
R0252,2026-02-01,C4,Manana,151,437,195,637.9250,NA,13,13.4698,0,154.1856,144.6230,6.5634,46114.6061,0.6787,-0.0040,-1.3789,-0.1702,entrenamiento
R0253,2026-02-01,C5,Manana,142,252,159,1252.8848,78.8385,11,8.1874,1,138.9865,133.0414,12.5300,95988.4353,-2.1799,1.4376,-0.4012,-1.1439,entrenamiento
R0254,2026-02-01,C6,Tarde,162,386,219,1603.9887,44.1982,7,27.7653,1,163.6301,169.9989,17.5986,131631.7403,0.4467,-1.3525,-0.4536,0.3947,entrenamiento
R0255,2026-02-01,C7,Manana,160,314,220,464.0461,65.7518,13,29.5992,0,158.4657,159.9304,6.1142,47357.1185,0.6727,1.9480,0.6742,-0.5873,entrenamiento
R0256,2026-02-01,C8,Manana,162,368,205,405.5717,50.7315,12,5.5938,0,161.4483,162.0177,6.1213,45868.0214,-0.1235,-0.1004,0.3220,-0.7609,entrenamiento
R0257,2026-02-02,C1,Tarde,153,533,143,802.9925,55.3315,9,17.6004,0,150.6249,153.5897,9.7294,74028.5056,-2.0685,0.0492,-0.1233,-0.6508,entrenamiento
R0258,2026-02-02,C2,Tarde,173,550,234,948.7833,68.9801,16,4.3341,1,174.2229,174.4738,12.1222,90132.4944,-0.6409,0.9700,-0.3304,-2.0301,entrenamiento
R0259,2026-02-02,C3,Manana,166,376,206,2087.0084,68.0807,7,4.9452,1,169.5105,166.0329,11.1938,82115.0649,-0.8458,-1.3879,0.2935,0.5186,entrenamiento
R0260,2026-02-02,C4,Tarde,158,552,178,1885.7380,76.7005,12,4.7383,0,162.0478,161.1743,10.7608,81469.1658,-0.3168,-0.7363,-2.3083,-0.5206,entrenamiento
R0261,2026-02-02,C5,Tarde,156,400,176,1759.8860,43.5286,9,24.3921,1,155.3227,157.2496,12.7840,94458.8226,-1.5809,-0.0636,-0.9187,-0.8081,entrenamiento
R0262,2026-02-02,C6,Tarde,143,440,177,460.0124,54.9976,17,4.9328,0,142.9904,147.8890,5.8139,45844.3263,-2.6981,-1.0227,0.8536,-1.0008,entrenamiento
R0263,2026-02-02,C7,Manana,140,460,131,1022.7305,73.3098,10,0.4002,1,144.9851,140.3372,9.6637,74197.3109,1.2640,-0.6209,0.8055,0.2723,entrenamiento
R0264,2026-02-02,C8,Manana,141,457,136,NA,NA,13,8.3354,1,141.9543,144.5938,13.9172,106542.8933,-0.5528,-0.4434,0.3897,0.3574,entrenamiento
R0265,2026-02-03,C1,Manana,130,363,154,1983.3718,44.9125,12,19.5682,0,134.9718,126.1118,5.6850,43851.9149,0.0332,0.8205,0.0066,-0.1438,entrenamiento
R0266,2026-02-03,C2,Manana,157,346,181,472.7385,90.5972,11,26.2208,0,159.9606,155.6995,13.7208,104024.0376,1.2291,-0.0828,0.7907,1.7677,entrenamiento
R0267,2026-02-03,C3,Tarde,145,223,198,1667.3174,57.4970,16,7.3580,1,140.1053,147.3979,5.4702,39822.2280,-0.0125,-1.1999,-0.7047,-0.6762,entrenamiento
R0268,2026-02-03,C4,Tarde,156,280,173,974.6958,76.3153,8,11.5643,0,152.7062,158.3014,11.2204,83692.0220,0.2175,0.6370,-1.4445,0.0616,entrenamiento
R0269,2026-02-03,C5,Manana,180,444,247,892.4309,61.4736,11,21.4611,0,181.1954,170.2469,8.3903,63877.8498,1.7736,1.6178,0.2837,-3.0220,entrenamiento
R0270,2026-02-03,C6,Tarde,152,285,153,834.6266,66.6239,11,24.3767,0,151.7118,145.8912,6.7230,50556.7368,0.2605,-3.0080,-0.4309,-0.1812,entrenamiento
R0271,2026-02-03,C7,Manana,165,413,163,511.4562,67.5763,14,6.0028,1,167.1930,170.2369,8.7055,63396.5097,-0.2127,0.8091,-0.9510,-1.9894,entrenamiento
R0272,2026-02-03,C8,Tarde,148,462,206,1957.7641,51.8872,15,3.2435,0,147.5067,149.9123,8.5109,63263.9570,-0.8646,1.6035,1.3035,-0.0529,entrenamiento
R0273,2026-02-04,C1,Tarde,138,285,168,2190.5373,44.9701,8,9.1282,1,141.6047,129.9278,11.9647,93765.2909,-1.7088,-0.5332,0.6236,0.4416,entrenamiento
R0274,2026-02-04,C2,Manana,149,402,161,1479.2094,65.2666,15,3.0733,1,149.6869,147.3823,6.9335,53460.9393,-0.2817,0.7812,1.0354,-0.3681,entrenamiento
R0275,2026-02-04,C3,Manana,161,560,180,NA,76.6121,17,11.5112,0,160.7190,162.5276,9.1338,67250.7155,-0.2084,-0.3093,-0.7050,-0.6040,entrenamiento
R0276,2026-02-04,C4,Manana,136,235,128,1818.5208,62.3811,11,2.7211,1,135.9787,133.1948,5.0564,39650.4564,-0.4225,0.2425,0.8523,-0.8996,entrenamiento
R0277,2026-02-04,C5,Tarde,160,353,152,1510.0046,35.3490,15,10.7416,0,163.0655,155.0842,12.7483,94543.7428,1.4955,-1.0663,-0.5082,0.7628,entrenamiento
R0278,2026-02-04,C6,Manana,148,288,191,1329.0398,39.4207,10,18.9460,1,148.3892,149.4531,7.2425,55247.5974,0.9787,-2.2590,-0.1852,0.2046,entrenamiento
R0279,2026-02-04,C7,Tarde,152,242,172,1624.6780,37.1612,13,17.1185,0,147.6395,153.5769,13.5777,101439.3477,1.1141,0.6463,1.3743,1.1423,entrenamiento
R0280,2026-02-04,C8,Manana,157,358,218,1616.5706,76.0594,17,25.2060,0,153.3492,161.8673,9.6001,72408.2360,1.7090,-0.8940,0.2843,0.6476,entrenamiento
R0281,2026-02-05,C1,Manana,149,441,171,1745.8167,86.8578,13,13.1611,1,145.0809,150.9137,15.6801,118636.8787,-1.0885,0.8315,-0.0584,-0.5203,entrenamiento
R0282,2026-02-05,C2,Manana,139,218,194,960.0704,74.1692,17,2.0521,1,143.1121,130.1618,6.6490,49022.4902,0.6251,0.4422,0.5815,-1.2507,entrenamiento
R0283,2026-02-05,C3,Manana,147,436,141,697.1628,64.5752,14,16.4137,0,144.7996,153.7383,1.9619,14913.2489,0.5230,-0.5684,-1.0040,-1.8420,entrenamiento
R0284,2026-02-05,C4,Tarde,145,425,196,2017.9715,77.0406,10,2.4005,1,142.8581,145.7115,11.6065,84980.0868,0.4614,0.3838,-1.1810,0.6613,entrenamiento
R0285,2026-02-05,C5,Tarde,138,436,155,475.7435,52.7458,7,20.8616,1,137.4858,140.8505,8.0602,58229.2263,-0.3008,-0.2845,1.4714,0.5790,entrenamiento
R0286,2026-02-05,C6,Manana,132,261,176,987.8823,45.8137,9,22.5550,0,134.6598,137.3412,7.8616,60461.2134,0.4592,0.8064,0.3231,-0.2588,entrenamiento
R0287,2026-02-05,C7,Tarde,163,254,192,935.6158,84.7909,7,19.3833,0,162.6290,155.0605,18.4815,139364.5898,-0.8371,-0.1318,-0.8386,-0.3936,entrenamiento
R0288,2026-02-05,C8,Tarde,172,267,230,1346.0310,50.8856,16,7.7196,1,174.2302,174.1020,10.7683,82348.5822,1.1011,0.9042,-0.5074,0.1591,entrenamiento
R0289,2026-02-06,C1,Tarde,168,395,208,NA,41.9754,17,6.0234,1,169.3037,173.9852,16.4143,123893.7695,-0.7127,-2.1500,-2.3581,-0.2817,entrenamiento
R0290,2026-02-06,C2,Tarde,163,383,160,1232.3948,60.9598,17,23.9639,0,159.7207,163.3177,8.8204,65822.5585,-2.3928,0.1092,1.0594,-0.0533,entrenamiento
R0291,2026-02-06,C3,Manana,151,436,209,480.6993,90.9633,15,3.2072,1,149.7308,153.4660,15.4083,115976.1338,2.6178,-1.0331,-2.3505,0.6417,entrenamiento
R0292,2026-02-06,C4,Tarde,124,356,156,1789.6185,59.6436,14,5.0746,1,121.2507,123.4009,8.3534,63666.5961,-0.2419,1.5472,0.9659,-0.3289,entrenamiento
R0293,2026-02-06,C5,Tarde,147,389,181,670.3209,69.5635,14,2.5493,1,145.6887,146.3995,9.0357,67270.0274,0.3170,-0.0686,-0.2056,0.7221,entrenamiento
R0294,2026-02-06,C6,Tarde,148,383,179,973.0346,82.8015,15,4.3125,0,150.4283,150.2655,11.6146,88356.6165,0.0685,-1.3471,-0.2886,-0.8814,entrenamiento
R0295,2026-02-06,C7,Manana,140,369,127,655.4593,82.0187,15,13.5359,0,140.7756,137.0100,10.1829,76113.4535,-1.4195,0.4606,0.1483,0.7945,entrenamiento
R0296,2026-02-06,C8,Tarde,152,291,197,706.4938,NA,8,7.9744,0,153.6060,155.8533,12.9866,97900.7859,-2.0822,-0.4499,0.3501,-0.2679,entrenamiento
R0297,2026-02-07,C1,Manana,142,326,178,1377.0891,68.8594,17,23.6743,1,141.7409,136.5552,6.7754,52524.8163,1.1467,-0.8088,-1.4768,-0.8663,entrenamiento
R0298,2026-02-07,C2,Tarde,130,199,144,NA,58.7328,15,24.4362,0,135.3478,127.5721,4.6498,37484.5211,0.5948,-0.5308,-0.1945,0.5734,entrenamiento
R0299,2026-02-07,C3,Manana,177,302,216,1952.9043,79.9615,15,1.7746,0,175.4574,178.4512,12.8429,97187.1058,-1.4907,0.2753,-0.7560,-1.5923,entrenamiento
R0300,2026-02-07,C4,Manana,142,324,182,1957.9757,86.1762,17,22.2014,0,143.9986,141.0865,11.6405,87785.3648,1.1545,0.5035,-0.8540,-1.0230,entrenamiento
R0301,2026-02-07,C5,Manana,133,218,121,1012.4004,91.0833,13,8.8070,1,135.0473,136.2772,14.7198,107138.0926,-0.8477,1.2649,-0.0802,-0.3315,entrenamiento
R0302,2026-02-07,C6,Tarde,144,474,130,1881.6466,87.2064,7,22.8670,1,142.7419,141.2192,19.6516,147107.4253,-1.3794,-0.2025,-0.7941,0.0104,entrenamiento
R0303,2026-02-07,C7,Manana,175,564,237,1994.3940,71.5684,12,21.0249,1,177.1190,175.7560,10.7560,80214.8642,1.2383,-0.3232,-0.6223,-0.3117,entrenamiento
R0304,2026-02-07,C8,Manana,140,290,172,NA,47.3263,7,27.3392,1,141.4327,137.3207,8.1456,58908.2367,-1.2454,-1.8351,1.1059,0.9604,entrenamiento
R0305,2026-02-08,C1,Tarde,145,408,201,850.8404,60.3286,14,22.9988,0,145.2177,157.8651,6.3034,46778.6792,0.4914,1.7087,0.8489,-0.5158,entrenamiento
R0306,2026-02-08,C2,Tarde,155,297,174,916.0587,72.2420,11,17.3926,1,153.7647,159.5115,8.5987,67072.7802,-0.6817,-0.8172,-2.3398,0.3503,entrenamiento
R0307,2026-02-08,C3,Manana,129,420,134,2108.7406,43.4734,10,14.2378,0,127.5567,128.3362,10.4975,78222.8960,0.6323,-0.2364,1.3222,0.1493,entrenamiento
R0308,2026-02-08,C4,Manana,188,434,209,1074.7456,80.8797,13,6.6234,1,182.3567,187.5442,12.9568,97524.5503,-1.4450,1.4472,0.0886,0.7828,entrenamiento
R0309,2026-02-08,C5,Tarde,151,239,167,424.8657,78.5392,17,27.6825,1,148.6700,148.4215,8.1786,61932.4904,0.8794,-0.0181,1.4542,0.9059,entrenamiento
R0310,2026-02-08,C6,Manana,154,481,175,1194.1989,69.7210,8,3.4604,0,154.0189,148.8359,11.0370,83330.6763,0.7262,0.0120,0.6670,1.3979,entrenamiento
R0311,2026-02-08,C7,Tarde,135,317,141,865.0122,NA,9,19.1227,0,134.5646,142.2905,10.1636,78323.3888,0.8857,-0.0296,-1.2009,-1.9093,entrenamiento
R0312,2026-02-08,C8,Manana,113,303,106,1622.9656,90.5528,16,25.4432,1,114.4359,107.0902,10.0644,76218.9940,-1.2031,0.4235,1.7133,-0.4330,entrenamiento
R0313,2026-02-09,C1,Manana,159,462,189,NA,50.8172,14,26.3045,0,159.5225,159.7042,7.7015,57475.2224,0.9755,1.3901,0.3884,1.0125,entrenamiento
R0314,2026-02-09,C2,Manana,161,347,191,569.8400,88.9922,11,20.1754,0,162.4677,160.2837,12.8649,96710.3862,-0.1514,0.2791,0.2155,0.7191,entrenamiento
R0315,2026-02-09,C3,Tarde,130,231,166,1186.8936,57.1906,11,7.7981,0,135.3366,126.0931,4.9034,37024.7070,0.3204,0.4412,-1.0930,-0.0791,entrenamiento
R0316,2026-02-09,C4,Manana,152,408,144,2029.6957,62.3033,14,23.9457,0,153.7344,157.1707,7.8850,57241.8935,-0.7293,0.1374,-1.6892,1.9073,entrenamiento
R0317,2026-02-09,C5,Tarde,140,270,190,1810.9940,38.2163,8,21.3756,0,140.4738,138.2308,10.9062,80184.1277,1.4665,0.4759,0.5864,-0.6005,entrenamiento
R0318,2026-02-09,C6,Manana,154,325,162,965.7144,54.0215,15,4.5623,0,156.4290,151.6452,4.6150,34574.1027,0.1265,-0.0031,-0.1096,-1.0619,entrenamiento
R0319,2026-02-09,C7,Tarde,147,423,186,1987.3520,81.9598,17,22.7704,0,143.3768,155.9115,13.3440,98539.1345,-2.7944,-0.7887,0.2842,-0.2329,entrenamiento
R0320,2026-02-09,C8,Manana,152,489,207,732.5853,84.0732,16,21.8815,1,154.2498,146.8750,10.3617,75918.6251,-1.4552,-0.0423,0.2161,-1.5137,entrenamiento
R0321,2026-02-10,C1,Tarde,172,346,181,1750.6323,68.8572,12,29.4849,1,168.3923,172.9485,10.8578,81544.2711,-0.8780,0.7161,1.5751,-0.1075,entrenamiento
R0322,2026-02-10,C2,Manana,139,338,160,982.2016,49.4547,7,5.4864,0,143.0758,142.3453,6.8068,50379.5865,-0.2023,0.7147,0.7985,-0.5814,entrenamiento
R0323,2026-02-10,C3,Manana,147,466,197,1919.9225,57.2685,16,29.7551,0,146.1132,151.3213,8.0911,61673.7636,-0.7844,-1.9810,0.9919,-1.3825,entrenamiento
R0324,2026-02-10,C4,Tarde,172,286,239,2152.3435,84.6461,15,17.6787,1,173.6679,172.6151,13.6917,101297.5941,-1.3594,0.8880,-1.7883,-1.6219,entrenamiento
R0325,2026-02-10,C5,Manana,150,335,144,1256.2207,79.5505,9,16.5876,0,152.5347,144.4407,11.1337,83879.8431,-1.0578,-0.1355,0.7630,-2.1053,entrenamiento
R0326,2026-02-10,C6,Tarde,165,550,154,1977.7509,57.1799,17,0.1553,0,160.3074,156.9396,12.9032,96024.5939,1.4782,0.4568,-0.7242,0.5157,entrenamiento
R0327,2026-02-10,C7,Tarde,124,326,144,1472.5851,90.0995,17,26.9676,1,120.0798,127.7783,14.6192,111533.4856,-0.0024,-0.7979,0.4636,0.2170,entrenamiento
R0328,2026-02-10,C8,Manana,158,539,183,1474.0937,55.3622,11,26.3231,1,153.0956,163.2736,10.5128,78088.1954,0.1491,-0.2011,0.8470,-0.9481,entrenamiento
R0329,2026-02-11,C1,Manana,162,478,188,1045.0868,74.7145,9,27.6268,1,160.4822,166.3489,10.1866,75332.0849,-0.3852,-0.0468,1.6985,1.3535,entrenamiento
R0330,2026-02-11,C2,Tarde,148,317,194,2006.3464,51.3991,10,28.0760,1,148.7139,150.4158,7.0496,51484.0607,-0.5444,-0.7748,0.7317,0.4143,entrenamiento
R0331,2026-02-11,C3,Manana,157,387,218,684.7940,37.6804,15,2.0245,1,154.2267,157.3944,10.3177,77502.5958,0.5078,-0.2809,1.2086,-1.2054,entrenamiento
R0332,2026-02-11,C4,Manana,160,529,157,1322.0285,NA,13,29.5842,0,161.6187,162.4110,10.9749,83514.9365,-2.5310,0.7488,-0.1563,1.2045,entrenamiento
R0333,2026-02-11,C5,Manana,163,430,222,1807.3423,43.2058,7,17.7205,0,164.4193,157.5133,12.3734,92475.5969,0.7887,-0.5184,1.0594,-0.2856,entrenamiento
R0334,2026-02-11,C6,Manana,131,352,166,1020.5393,38.3076,13,10.5192,1,127.7787,141.8982,7.0270,52100.9170,-0.0958,0.2178,1.6541,1.1633,entrenamiento
R0335,2026-02-11,C7,Tarde,155,506,182,1855.2007,77.0624,7,5.9617,0,157.7813,157.9555,15.3304,114728.6297,1.7627,0.0146,-0.9969,-0.6962,entrenamiento
R0336,2026-02-11,C8,Tarde,148,397,201,2039.8990,91.1665,8,4.9657,0,148.8970,160.3428,19.4996,143313.7944,0.0355,-1.1722,0.8855,1.2453,entrenamiento
R0337,2026-02-12,C1,Tarde,137,418,129,2197.2044,85.9854,11,14.3167,1,140.1473,135.6693,14.9225,112373.0070,1.0619,0.0453,1.0036,-0.5104,entrenamiento
R0338,2026-02-12,C2,Manana,159,392,164,835.1930,56.7423,15,1.6308,0,156.4829,157.8478,4.4017,34036.6891,0.2287,-1.2498,0.6883,-1.1682,entrenamiento
R0339,2026-02-12,C3,Manana,153,266,187,730.7747,77.1607,13,23.0513,1,152.8647,159.7836,10.1067,77301.0228,-0.2935,-0.7153,0.3904,1.0176,entrenamiento
R0340,2026-02-12,C4,Tarde,162,512,164,2151.8947,71.5244,13,22.4579,1,158.0504,161.2533,12.0071,88371.3668,0.6414,0.0684,0.5210,-0.4319,entrenamiento
R0341,2026-02-12,C5,Tarde,158,502,202,412.5294,40.7482,13,0.4350,1,156.7855,159.1077,13.1926,98105.5291,-0.8904,0.9228,1.2517,0.9385,entrenamiento
R0342,2026-02-12,C6,Manana,144,227,164,1563.4443,57.5638,9,28.7120,0,145.3152,143.5562,4.7311,34999.9329,-0.3659,1.4254,-0.4702,-0.4443,entrenamiento
R0343,2026-02-12,C7,Tarde,155,301,166,650.9584,40.0342,13,16.9915,1,156.5972,151.8506,10.0839,76181.1079,-0.3409,-0.4211,1.5648,-0.2983,entrenamiento
R0344,2026-02-12,C8,Tarde,159,472,185,2075.4924,66.2694,16,22.3066,1,161.0728,165.7982,10.1123,75966.0011,0.2474,-0.3339,0.0043,0.4299,entrenamiento
R0345,2026-02-13,C1,Manana,161,499,157,856.4568,57.6413,14,20.7474,1,162.4641,166.5345,8.3640,64358.6141,0.6192,0.5160,-0.9820,-0.2235,entrenamiento
R0346,2026-02-13,C2,Manana,159,414,215,478.6354,84.6409,16,9.5218,0,160.7785,160.5972,11.9983,89820.2002,-1.3117,-0.3392,0.0292,0.1401,entrenamiento
R0347,2026-02-13,C3,Tarde,135,396,163,2055.9226,36.8628,17,2.5617,0,133.9721,134.3950,12.5709,95783.9211,1.2627,-0.4521,-0.6568,1.0043,entrenamiento
R0348,2026-02-13,C4,Tarde,149,436,203,1490.1087,59.8860,12,10.0636,1,152.8404,142.0466,6.4761,46490.0324,1.4051,0.3325,-1.0015,1.0348,entrenamiento
R0349,2026-02-13,C5,Manana,143,469,189,926.4366,88.1693,7,21.5396,1,145.7762,140.3015,17.3314,128901.8236,-0.4614,0.9309,0.1675,2.0023,entrenamiento
R0350,2026-02-13,C6,Manana,152,510,151,1974.5035,43.0356,12,12.3532,1,151.9643,146.0889,7.9164,58204.4568,0.1662,-0.1312,0.6176,0.5148,entrenamiento
R0351,2026-02-13,C7,Manana,134,310,168,535.1563,58.4739,9,19.9928,1,136.6566,128.9089,6.9904,52887.6196,0.6531,1.0883,0.7637,0.7404,entrenamiento
R0352,2026-02-13,C8,Manana,167,268,170,1794.5739,43.1767,7,26.4564,0,167.3958,164.8272,15.4610,116895.3335,0.4283,-0.1365,-2.7052,-0.7451,entrenamiento
R0353,2026-02-14,C1,Tarde,147,331,134,1739.9675,39.5715,9,2.4942,0,145.5297,150.0106,15.6695,119188.6842,0.1054,0.4693,-0.7550,-1.8223,entrenamiento
R0354,2026-02-14,C2,Tarde,145,455,189,1500.7206,40.9044,16,26.4725,0,142.8345,137.5244,12.3110,93566.2946,1.7385,0.5659,2.3473,0.8986,entrenamiento
R0355,2026-02-14,C3,Manana,158,403,188,2074.8826,37.8346,14,29.1095,0,151.7634,153.5975,10.1692,78670.1741,-0.6519,-1.9882,0.8715,1.0476,entrenamiento
R0356,2026-02-14,C4,Manana,170,259,177,537.9772,64.4398,10,20.6508,1,172.9303,167.4987,7.5906,55221.7009,1.0909,0.3320,1.5512,-1.1742,entrenamiento
R0357,2026-02-14,C5,Tarde,158,506,211,1931.7662,49.5492,7,21.0596,1,155.6973,154.2454,15.4662,116732.5128,-0.8214,0.5871,0.4251,0.7117,entrenamiento
R0358,2026-02-14,C6,Manana,144,386,193,1778.7659,35.6486,8,23.6099,1,143.1647,141.9544,14.6856,110760.0800,-0.9216,0.5260,0.1617,-0.2370,entrenamiento
R0359,2026-02-14,C7,Tarde,156,314,180,2074.9417,48.2987,12,18.7855,1,151.1978,161.3123,8.6838,64935.7216,1.4905,-1.1543,0.2847,-0.5066,entrenamiento
R0360,2026-02-14,C8,Manana,161,499,225,2100.6929,48.7309,16,23.9696,1,160.9472,158.6676,9.0837,67500.2314,-0.0871,-0.2534,-0.7452,1.5466,entrenamiento
R0361,2026-02-15,C1,Manana,159,430,221,NA,59.8386,8,16.3673,0,156.8699,151.7289,8.7607,64915.3031,-2.0090,0.6619,-0.5976,-0.2537,entrenamiento
R0362,2026-02-15,C2,Tarde,149,365,153,1970.0444,74.2159,8,9.1384,1,148.7871,149.8299,10.6592,76909.9176,-0.6488,-1.1791,0.8725,1.2459,entrenamiento
R0363,2026-02-15,C3,Manana,147,243,156,1415.0628,56.1471,16,1.7546,0,141.0979,149.7058,3.7639,26592.9122,0.4876,0.8035,0.1043,-0.5288,entrenamiento
R0364,2026-02-15,C4,Manana,147,263,198,493.6395,42.1205,7,12.8576,1,144.5584,147.3135,12.7573,95717.4855,-1.4947,1.3625,-0.6127,0.9898,entrenamiento
R0365,2026-02-15,C5,Manana,144,481,145,2179.2710,65.1265,17,22.2731,0,139.7682,153.4071,7.1914,56216.0836,-0.8471,0.7606,0.3974,-0.3722,entrenamiento
R0366,2026-02-15,C6,Tarde,165,425,159,1062.7393,36.1496,12,11.8033,1,160.0650,160.8591,13.0290,93000.7687,-0.0075,-1.1806,-0.0283,0.4639,entrenamiento
R0367,2026-02-15,C7,Manana,156,367,176,449.8338,72.3406,16,26.0667,1,157.1055,159.1892,10.1881,73231.8833,0.8645,0.1964,-0.8873,-1.4437,entrenamiento
R0368,2026-02-15,C8,Tarde,171,482,164,665.9869,85.1128,13,24.1457,1,174.2459,175.4880,16.4844,124401.1539,0.1674,-0.8292,0.5574,-0.6195,entrenamiento
R0369,2026-02-16,C1,Manana,164,347,157,2056.1143,72.5929,16,19.0807,0,165.0283,165.8787,10.5022,82086.6515,-0.4228,-2.1404,-0.9844,0.3790,entrenamiento
R0370,2026-02-16,C2,Manana,145,353,187,1069.3299,36.7259,9,1.4822,0,146.5009,145.5131,11.8021,87003.3255,0.1014,0.7951,-0.2172,0.3824,entrenamiento
R0371,2026-02-16,C3,Manana,173,270,237,1540.1724,77.7542,7,26.2253,1,173.9868,175.0911,12.4129,91508.2301,-1.4590,-0.3446,-1.0266,-0.5998,entrenamiento
R0372,2026-02-16,C4,Manana,129,299,145,1808.5860,49.2000,7,20.9949,1,126.8236,133.9652,8.0262,59873.1587,2.4151,-0.8853,0.9768,-0.3341,entrenamiento
R0373,2026-02-16,C5,Tarde,149,453,199,1393.6145,46.8048,15,25.7855,1,150.2316,147.6894,10.5501,79359.3727,1.1334,-0.0349,0.9641,-2.9003,entrenamiento
R0374,2026-02-16,C6,Tarde,150,522,159,412.0253,75.7752,9,18.6504,1,147.8573,149.1323,12.2735,91330.8099,0.0608,1.4935,0.1006,0.6046,entrenamiento
R0375,2026-02-16,C7,Tarde,150,375,204,801.2991,62.2675,11,28.8967,0,153.9721,145.2505,3.8754,27807.1634,1.9913,1.2582,-2.3237,-1.5935,entrenamiento
R0376,2026-02-16,C8,Tarde,131,337,175,498.8216,80.9658,8,17.7076,1,137.4806,132.6757,15.5773,117869.3057,-0.8016,-1.3446,0.7404,0.5683,entrenamiento
R0377,2026-02-17,C1,Manana,134,378,168,1351.9968,64.9640,17,6.0381,1,132.4284,132.4150,2.0983,18081.7541,-0.0835,-1.0242,-0.0078,-0.4692,entrenamiento
R0378,2026-02-17,C2,Tarde,170,337,172,2036.6193,42.7493,12,5.3457,1,168.7214,175.1856,9.7977,73017.5868,0.4658,0.6372,0.7968,-0.6752,entrenamiento
R0379,2026-02-17,C3,Tarde,150,348,179,1622.0006,42.5202,15,9.9094,1,146.6004,146.0175,11.4038,86235.4365,-0.2226,1.2920,-0.5502,-0.0951,entrenamiento
R0380,2026-02-17,C4,Tarde,146,500,199,853.8118,63.1997,16,18.8667,0,143.4582,145.4741,8.7966,64476.6064,0.7063,-0.2452,-1.0855,-0.0300,entrenamiento
R0381,2026-02-17,C5,Tarde,156,441,168,2199.5387,65.2498,17,4.0102,1,162.4378,162.8605,11.6736,87154.0012,-0.5282,-0.1729,-2.9815,-0.6561,entrenamiento
R0382,2026-02-17,C6,Tarde,114,316,155,1778.0066,64.5744,15,1.2429,0,113.4535,113.3640,4.8373,34798.4286,-0.7691,1.1811,2.2947,-0.0520,entrenamiento
R0383,2026-02-17,C7,Tarde,154,412,144,1191.8248,53.3411,11,3.3106,1,150.0451,155.8224,8.1485,58330.5021,-1.0849,0.8009,-1.6645,0.3979,entrenamiento
R0384,2026-02-17,C8,Tarde,137,269,151,569.7321,35.3284,17,11.9055,1,132.1715,130.0240,11.6926,87364.3892,0.9133,-0.3836,1.1368,0.2912,entrenamiento
R0385,2026-02-18,C1,Manana,161,278,196,1514.7153,87.4820,9,10.0094,1,160.1300,158.3630,15.1654,113999.8143,0.3137,-0.6241,1.2501,-1.1132,entrenamiento
R0386,2026-02-18,C2,Manana,138,244,186,624.1595,47.4283,8,23.9366,0,139.0396,124.0244,7.2999,56911.4494,0.6301,-0.1740,-0.3576,-0.2502,entrenamiento
R0387,2026-02-18,C3,Manana,163,284,189,701.6912,37.3385,13,15.0424,1,162.3581,158.9231,7.9373,60495.8208,0.9466,0.7271,-0.0296,0.6048,entrenamiento
R0388,2026-02-18,C4,Manana,133,232,185,1600.7479,69.8772,13,14.6371,1,132.8292,139.5675,4.1241,31650.2171,0.8969,1.1597,1.1459,-0.4768,entrenamiento
R0389,2026-02-18,C5,Tarde,155,369,145,673.8037,90.5986,7,0.3019,0,156.2285,156.6857,22.8928,171331.8868,0.3668,0.9962,-0.9568,-0.8275,entrenamiento
R0390,2026-02-18,C6,Tarde,156,356,156,669.0671,87.7207,8,9.1062,0,153.7980,153.4693,14.4942,109562.8943,-1.4345,2.7973,-0.4804,-0.4200,entrenamiento
R0391,2026-02-18,C7,Tarde,146,351,151,NA,63.2412,13,29.0155,1,143.9194,144.5094,8.3315,61571.6839,-2.2093,0.0380,-0.5141,-0.2263,entrenamiento
R0392,2026-02-18,C8,Manana,159,480,191,836.1023,40.4517,13,2.3649,1,160.2803,150.1357,12.7609,97821.8769,0.1981,-0.0503,0.4109,-0.0127,entrenamiento
R0393,2026-02-19,C1,Tarde,155,407,141,1139.7538,69.6033,13,5.1526,1,151.9852,150.3852,10.9639,81036.5793,-0.8843,0.1602,0.8294,-0.7291,entrenamiento
R0394,2026-02-19,C2,Manana,141,402,139,2030.9871,61.6777,11,25.6899,0,138.0300,134.8362,5.0793,39495.5426,1.2624,0.3958,0.9465,-1.0566,entrenamiento
R0395,2026-02-19,C3,Manana,152,524,154,1587.7799,78.8569,12,9.9162,0,150.8903,155.5826,10.1343,76722.6984,-0.5390,1.8275,-0.4293,-0.7515,entrenamiento
R0396,2026-02-19,C4,Tarde,149,327,175,1075.0940,35.2978,9,18.9012,1,144.0753,155.0175,16.0093,120415.0078,0.2810,-0.4108,-0.1277,0.7758,entrenamiento
R0397,2026-02-19,C5,Tarde,130,207,162,2059.2952,43.1169,15,8.3792,1,128.7305,120.4283,7.6259,58675.9385,-0.6387,-1.7942,-0.8954,-0.2011,entrenamiento
R0398,2026-02-19,C6,Manana,159,376,182,660.7565,68.7060,15,4.2293,1,156.9541,160.3927,7.5461,55936.3261,-1.5457,-0.1316,-0.2421,-0.2238,entrenamiento
R0399,2026-02-19,C7,Tarde,147,364,187,1084.6155,37.5902,8,14.7110,0,148.7947,142.9331,17.2303,127748.2731,-0.5858,-0.1096,1.1471,-1.0693,entrenamiento
R0400,2026-02-19,C8,Tarde,159,480,167,442.7217,71.0495,9,27.0068,1,150.1193,156.3333,10.4405,75870.4103,-0.6230,0.0740,-0.3995,-0.0752,entrenamiento
R0401,2026-02-20,C1,Tarde,167,257,171,810.6255,71.0006,17,14.0298,0,169.8501,159.3196,9.3231,67995.4438,-0.3984,0.4192,-0.3709,-0.7438,entrenamiento
R0402,2026-02-20,C2,Tarde,150,516,139,1492.2615,51.0589,17,27.3814,1,149.3752,148.3935,5.6813,41037.2016,0.4865,-0.1269,0.0529,0.6815,entrenamiento
R0403,2026-02-20,C3,Manana,167,550,153,1019.4004,72.4862,7,3.2590,0,166.2965,170.6984,12.3100,90688.5226,0.8915,-1.2852,1.2981,-0.8155,entrenamiento
R0404,2026-02-20,C4,Manana,174,407,178,1606.3820,69.9086,12,23.9901,1,176.2726,174.5298,8.3107,61693.7164,0.0942,0.0334,0.3029,1.4847,entrenamiento
R0405,2026-02-20,C5,Tarde,149,359,194,1778.5880,76.4271,15,14.7066,1,146.6868,156.6048,10.0358,76387.5218,0.4900,-0.3671,0.4027,-1.1396,entrenamiento
R0406,2026-02-20,C6,Manana,132,357,146,910.0054,52.3253,17,26.2886,0,128.4623,130.9570,3.7917,32523.8235,1.6887,-0.5949,0.8148,-1.3569,entrenamiento
R0407,2026-02-20,C7,Manana,162,502,177,2145.4328,86.2475,11,2.1966,0,163.7521,157.0345,18.1267,136698.4577,-1.5354,2.0891,0.1928,0.0204,entrenamiento
R0408,2026-02-20,C8,Manana,146,302,157,871.4277,50.0009,10,12.9254,0,147.5064,148.7251,5.3835,40345.7613,-1.1610,2.2102,0.7023,-0.2014,entrenamiento
R0409,2026-02-21,C1,Tarde,151,514,181,1350.9786,77.4756,12,2.5001,1,154.8953,154.4709,11.8416,88634.4693,-0.1601,0.1457,-0.1268,0.4730,entrenamiento
R0410,2026-02-21,C2,Tarde,150,512,156,1382.2338,80.3648,9,14.9284,0,149.4914,150.9058,14.0675,104002.3827,0.9762,1.4502,0.2172,-2.5590,entrenamiento
R0411,2026-02-21,C3,Manana,140,344,181,1419.2806,75.8890,10,2.5583,0,136.4499,141.5951,9.0773,68821.5109,-0.1248,0.5040,-0.4823,-0.2163,entrenamiento
R0412,2026-02-21,C4,Tarde,173,371,171,2187.2188,79.3904,13,21.2129,0,167.2892,175.2031,11.7563,88899.5013,0.5652,0.5196,-0.0006,0.3361,entrenamiento
R0413,2026-02-21,C5,Manana,163,434,180,2160.2300,87.2923,13,28.0652,0,160.8890,159.9725,14.8525,111636.5460,-0.6829,1.0849,0.7171,0.2523,entrenamiento
R0414,2026-02-21,C6,Manana,141,223,194,530.9375,69.3048,15,17.2954,0,135.0478,141.4296,4.6093,30573.0003,-0.4118,0.0163,-0.2281,0.0365,entrenamiento
R0415,2026-02-21,C7,Manana,160,304,192,1306.7421,55.2417,12,7.6484,0,157.5786,165.3195,3.0915,24121.3151,0.6270,-0.3677,0.6863,-0.3337,entrenamiento
R0416,2026-02-21,C8,Manana,138,482,139,782.8771,77.5970,15,0.0149,0,142.2634,151.5992,9.7989,75596.6618,1.7702,0.2271,0.8548,1.8805,entrenamiento
R0417,2026-02-22,C1,Manana,142,337,199,973.4355,82.6961,14,15.8167,1,139.3189,146.4921,13.0031,97073.1306,1.0851,1.7438,-2.1412,1.7325,entrenamiento
R0418,2026-02-22,C2,Manana,147,427,136,512.3540,46.9205,9,3.0469,0,144.3841,146.4458,9.0259,66780.4126,-0.5113,0.0686,-0.0435,0.1608,entrenamiento
R0419,2026-02-22,C3,Manana,146,357,154,1598.5691,37.2505,17,9.5439,0,147.7473,144.8407,12.0741,91050.3989,0.1812,-0.6828,-0.2694,-0.2256,entrenamiento
R0420,2026-02-22,C4,Manana,147,458,194,1910.8750,60.5284,15,25.7322,0,149.5737,145.1271,6.8722,50543.2489,0.0413,1.7240,-0.9498,-0.7584,entrenamiento
R0421,2026-02-22,C5,Tarde,133,382,185,1692.1149,NA,11,24.0874,1,132.7697,128.2471,8.8950,65910.7862,-0.0808,-1.5463,0.7326,1.3736,entrenamiento
R0422,2026-02-22,C6,Tarde,137,479,142,NA,87.1649,15,4.3756,0,133.7214,133.2324,14.0707,103352.0943,0.4412,0.1693,0.8995,-0.9977,entrenamiento
R0423,2026-02-22,C7,Tarde,166,481,194,487.6522,35.6459,15,24.0957,1,172.6661,155.1314,15.9336,116962.6594,-1.1771,-1.4914,0.2610,0.2060,entrenamiento
R0424,2026-02-22,C8,Tarde,145,422,178,987.8325,62.0300,10,18.7261,1,144.0706,141.0962,7.6969,55359.9363,1.1741,-0.8390,-1.0751,0.3341,entrenamiento
R0425,2026-02-23,C1,Manana,162,455,160,967.1076,78.0133,10,12.8317,0,160.8839,158.4146,10.6798,79051.3199,0.3033,-0.0814,0.7593,-0.3408,entrenamiento
R0426,2026-02-23,C2,Manana,157,338,181,992.1881,45.2322,10,23.1288,1,157.4193,162.3153,9.3815,71891.0826,0.3833,0.2706,0.8977,-1.1141,entrenamiento
R0427,2026-02-23,C3,Manana,141,388,187,404.8087,37.4773,12,5.8970,1,135.2008,142.1936,10.3857,77141.5897,0.7322,-1.0750,-1.5158,0.0135,entrenamiento
R0428,2026-02-23,C4,Tarde,169,501,153,1049.1315,37.6924,9,20.7531,0,172.2464,161.5395,18.2713,135028.6371,-1.4168,-1.4302,-0.0856,0.0408,entrenamiento
R0429,2026-02-23,C5,Tarde,136,404,130,810.4670,59.5183,9,19.9077,0,142.2407,144.5569,6.8626,51904.1856,0.3412,0.3990,-0.2836,-1.4110,entrenamiento
R0430,2026-02-23,C6,Manana,166,466,215,964.1966,50.5386,10,2.0536,0,165.2927,163.3988,8.1613,60807.4654,-1.3685,0.5040,0.3001,0.3567,entrenamiento
R0431,2026-02-23,C7,Manana,148,437,165,2151.5911,56.9124,11,27.0249,0,147.7243,146.8080,8.0854,60020.5261,-0.2930,0.6285,0.0322,-0.7205,entrenamiento
R0432,2026-02-23,C8,Tarde,162,406,158,1079.9508,36.4534,14,4.4536,0,160.6399,174.0820,13.7066,102595.6014,-1.5013,-0.2221,-0.9008,-0.9028,entrenamiento
R0433,2026-02-24,C1,Manana,145,321,140,434.9207,51.9549,13,22.0377,0,143.9301,143.2286,6.7754,50404.5313,-0.4459,0.4229,-1.4025,0.0490,entrenamiento
R0434,2026-02-24,C2,Manana,166,569,150,771.9406,57.6325,12,18.0829,0,160.4297,169.6267,7.9113,58931.8518,-1.0277,0.8296,-1.0109,-0.4778,entrenamiento
R0435,2026-02-24,C3,Tarde,126,424,149,1142.8002,76.3942,15,23.6687,1,119.3671,130.4366,9.3775,67484.2418,-0.7655,-0.0282,-2.4125,-0.7711,entrenamiento
R0436,2026-02-24,C4,Manana,154,340,140,1241.3863,55.2971,10,26.7666,0,150.8302,151.5448,6.6484,51471.4009,0.4413,-0.2206,0.2655,0.6266,entrenamiento
R0437,2026-02-24,C5,Tarde,127,343,145,1034.1542,38.7615,12,12.3605,0,121.6573,128.2609,11.9045,89726.9587,-0.4698,2.0388,0.5234,-0.3319,entrenamiento
R0438,2026-02-24,C6,Manana,164,354,221,1290.1690,42.9923,16,28.0319,1,162.2569,161.6239,10.6746,80103.6613,0.5463,0.1114,1.3367,-0.0233,entrenamiento
R0439,2026-02-24,C7,Tarde,143,466,136,2042.0218,65.3580,11,24.6803,1,134.1204,127.6801,7.5953,56201.6835,-0.2452,-0.3841,2.4237,1.3101,entrenamiento
R0440,2026-02-24,C8,Manana,161,274,165,888.7842,79.6222,16,6.4279,1,163.5163,161.0353,11.5251,83360.5853,-0.4255,0.1228,-0.1588,-0.5255,entrenamiento
R0441,2026-02-25,C1,Manana,144,278,171,1776.9757,81.0869,12,7.3779,1,141.0712,143.2275,11.0397,83797.7416,0.1457,0.2731,-0.4008,1.2996,entrenamiento
R0442,2026-02-25,C2,Tarde,148,457,170,662.0515,90.4735,7,0.4850,0,148.8701,144.9655,19.4334,147348.0909,-0.0269,-0.5889,0.1225,0.5894,entrenamiento
R0443,2026-02-25,C3,Manana,123,397,141,920.5022,51.1051,15,12.6255,1,124.8633,121.9443,4.3499,33485.6060,0.2956,1.6575,1.1756,-1.3882,entrenamiento
R0444,2026-02-25,C4,Manana,184,428,237,1652.0345,65.3049,17,0.7148,0,183.3424,188.6851,11.8257,89371.5253,1.8390,-0.8974,-0.4709,-1.3915,entrenamiento
R0445,2026-02-25,C5,Tarde,146,403,161,1376.7286,39.5209,11,2.4656,1,148.3227,147.1659,12.5184,93447.1077,2.7635,-1.0905,1.3940,0.4263,entrenamiento
R0446,2026-02-25,C6,Manana,132,358,170,993.9859,71.8137,8,22.1053,0,135.8582,132.5786,10.4843,75782.4955,-1.2250,-1.6125,0.7813,0.9530,entrenamiento
R0447,2026-02-25,C7,Manana,159,465,156,1721.0202,NA,14,28.3068,0,162.0417,158.4453,7.8923,58491.8119,0.0230,-1.0174,0.1798,-1.4727,entrenamiento
R0448,2026-02-25,C8,Manana,161,314,183,745.9160,83.2392,9,28.1942,0,162.0927,156.6600,13.8501,103873.8313,-0.8452,-1.9398,0.9663,0.2825,entrenamiento
R0449,2026-02-26,C1,Tarde,170,340,213,520.6669,88.5363,12,9.0306,1,168.3301,162.3642,15.7887,120258.0844,-0.2269,-0.4623,0.3258,-0.1884,entrenamiento
R0450,2026-02-26,C2,Manana,131,344,147,1465.9146,67.8170,14,15.7417,1,132.7247,127.0271,5.4301,41243.3962,0.4905,0.4916,-0.1156,-1.7380,entrenamiento
R0451,2026-02-26,C3,Tarde,141,292,159,1864.5481,73.1230,13,28.5460,1,142.0402,146.4328,9.0660,67070.1766,-0.2525,0.6373,-0.0876,-0.7763,entrenamiento
R0452,2026-02-26,C4,Tarde,128,252,178,2076.7353,65.2789,9,25.4809,1,126.2874,133.1157,7.6907,55363.5855,0.4508,-0.3723,-0.2563,0.7542,entrenamiento
R0453,2026-02-26,C5,Manana,150,318,191,1672.5600,42.2377,8,27.3371,1,153.1260,151.2742,11.2353,82965.9471,0.1814,1.1344,-0.8806,1.2803,entrenamiento
R0454,2026-02-26,C6,Tarde,157,364,195,2118.0860,61.7165,15,18.3737,1,160.1100,151.9693,11.1497,84701.2939,-1.4597,-0.9475,0.4781,-0.4979,entrenamiento
R0455,2026-02-26,C7,Manana,149,387,142,1577.2527,79.1713,11,0.4342,0,146.1407,138.9609,9.5142,71095.3122,0.8764,-0.2795,0.0494,0.0118,entrenamiento
R0456,2026-02-26,C8,Tarde,144,301,187,1669.1950,84.9834,13,22.6497,0,139.5826,147.3633,14.8832,112304.4401,-1.0131,-0.2966,0.2628,-1.1714,entrenamiento
R0457,2026-02-27,C1,Tarde,135,463,130,1090.9428,63.0131,7,24.7986,1,134.5349,129.7760,10.4713,80525.4840,0.9287,-0.1210,-0.8024,0.0239,entrenamiento
R0458,2026-02-27,C2,Tarde,149,282,178,514.0187,59.1176,16,11.1710,0,151.2050,145.0918,5.2628,37684.6703,1.8662,3.0936,0.5514,0.1745,entrenamiento
R0459,2026-02-27,C3,Manana,170,498,190,561.4044,49.5605,7,6.3032,0,166.3682,162.0135,11.7341,87467.6368,-2.0288,0.3812,0.1002,-0.5100,entrenamiento
R0460,2026-02-27,C4,Manana,160,501,224,639.8649,74.6791,10,17.7664,0,162.7688,157.6427,11.4384,89596.8075,0.1379,0.9949,-0.1461,0.7281,entrenamiento
R0461,2026-02-27,C5,Tarde,152,454,163,545.6993,60.5112,8,21.5603,1,151.9424,149.5474,7.7563,57209.7333,-0.3982,0.4567,-0.7738,-0.4680,entrenamiento
R0462,2026-02-27,C6,Manana,141,483,188,784.2409,47.9427,10,6.5928,0,140.8284,134.4411,6.4643,49596.4287,-0.3652,-1.3530,0.7037,-0.6237,entrenamiento
R0463,2026-02-27,C7,Tarde,158,421,182,2091.5537,91.0172,14,20.2793,1,157.0960,163.4192,17.5478,131855.5673,-0.6690,0.4460,-0.1059,0.9927,entrenamiento
R0464,2026-02-27,C8,Tarde,160,287,189,509.7608,56.0060,8,12.9560,0,163.7053,157.2356,9.5819,72225.2704,-0.2201,0.7571,-1.2594,0.6736,entrenamiento
R0465,2026-02-28,C1,Manana,151,378,153,1115.8183,57.3673,12,24.8389,0,152.3981,147.6889,4.2058,31329.3269,-0.5318,-0.1351,0.2365,0.2602,entrenamiento
R0466,2026-02-28,C2,Manana,144,221,145,1045.3417,85.8578,16,4.3820,1,136.1223,133.7124,10.1939,76253.1703,0.1547,-0.7347,-0.5732,-0.0419,entrenamiento
R0467,2026-02-28,C3,Manana,140,429,141,2117.1492,80.4109,15,9.9805,0,139.7474,139.3104,13.0466,98568.7150,-1.4442,-0.3492,-0.1783,0.6873,entrenamiento
R0468,2026-02-28,C4,Tarde,150,435,174,1139.5353,66.4956,10,20.6031,0,149.7565,147.3884,10.5010,79963.7712,-1.7744,1.1766,-0.9108,-0.1908,entrenamiento
R0469,2026-02-28,C5,Tarde,155,541,198,1375.8123,60.4632,7,4.9850,0,155.9831,145.3581,11.5379,85502.5171,-1.5347,0.9432,-0.7246,-0.0943,entrenamiento
R0470,2026-02-28,C6,Tarde,138,356,167,580.9374,58.9324,11,7.8208,0,138.4447,146.0753,7.2426,54775.9674,0.2970,-1.4186,0.1194,0.1177,entrenamiento
R0471,2026-02-28,C7,Manana,155,279,205,539.4054,45.4996,14,19.6051,0,151.9320,155.3565,7.2888,52929.3384,0.8847,2.2047,1.1171,0.7370,entrenamiento
R0472,2026-02-28,C8,Tarde,169,417,220,952.5246,89.2316,8,16.4279,1,170.4299,164.9729,18.2440,136430.2245,0.4392,1.6463,1.7652,0.6137,entrenamiento
R0473,2026-03-01,C1,Manana,133,317,137,429.9761,60.2813,17,18.4094,0,136.1504,131.4825,4.5749,32123.6142,-0.1608,0.2904,0.4483,1.0596,entrenamiento
R0474,2026-03-01,C2,Manana,154,487,209,510.4230,35.5091,9,28.1298,0,157.8568,147.7871,16.4100,123001.2343,1.1962,1.7686,-0.8585,-1.5324,entrenamiento
R0475,2026-03-01,C3,Manana,154,296,193,744.3674,80.4729,8,25.9228,1,151.6394,154.8065,11.3826,87020.5208,0.2148,-0.9251,-0.0127,0.1977,entrenamiento
R0476,2026-03-01,C4,Manana,165,321,179,741.7153,46.1333,16,13.1492,0,166.1255,161.6421,6.7990,49812.9476,-0.9375,-2.2088,-1.1995,-0.5946,entrenamiento
R0477,2026-03-01,C5,Tarde,134,294,186,1360.4743,47.1907,14,19.7752,0,133.4971,133.8598,7.3440,55004.3358,-0.1991,0.7898,0.6903,0.4152,entrenamiento
R0478,2026-03-01,C6,Manana,165,359,154,1339.4224,66.8052,13,17.4210,1,161.4405,167.6573,5.8674,41454.6807,0.6104,0.9851,-0.2365,-1.0080,entrenamiento
R0479,2026-03-01,C7,Tarde,149,279,164,2020.3645,64.8497,8,7.4446,0,150.3150,155.3109,10.9771,82335.2587,1.6213,-0.6009,-1.7367,0.7011,entrenamiento
R0480,2026-03-01,C8,Tarde,137,316,164,NA,74.8514,12,11.6444,0,146.0483,145.2819,9.6286,70625.8346,-1.4916,-0.1339,-1.0535,-0.8576,entrenamiento
R0481,2026-03-02,C1,Manana,172,355,228,407.4830,78.6125,17,9.4068,0,170.6666,172.5242,8.1977,58819.2390,0.1290,-1.1038,1.2173,1.3399,entrenamiento
R0482,2026-03-02,C2,Manana,176,548,206,1773.9911,62.7569,11,23.1685,1,173.8568,169.7899,12.3681,92070.9288,-1.3691,0.9209,-0.0133,-0.2549,entrenamiento
R0483,2026-03-02,C3,Tarde,144,427,161,2174.4642,64.6328,11,5.2908,0,143.1630,148.6377,9.1312,68353.4905,-0.9931,-0.1152,-0.7526,-0.7470,entrenamiento
R0484,2026-03-02,C4,Tarde,144,485,137,NA,82.3801,16,17.0562,1,143.1231,138.0784,10.5929,80266.9763,-0.7017,1.3676,-1.0405,-0.9551,entrenamiento
R0485,2026-03-02,C5,Tarde,134,350,182,1212.4604,44.1813,15,9.9099,1,133.8125,139.7219,7.1656,53356.1490,0.9122,-0.1752,0.1511,0.2427,entrenamiento
R0486,2026-03-02,C6,Manana,150,415,210,1547.1269,79.4886,17,21.2134,0,152.0678,148.6157,11.2822,81355.6793,0.2750,-1.1829,-0.0054,-0.3453,entrenamiento
R0487,2026-03-02,C7,Tarde,144,408,138,1540.4461,55.4256,10,19.8766,0,146.1361,139.3340,8.8772,63272.0329,-2.4736,0.6193,1.2110,0.1074,entrenamiento
R0488,2026-03-02,C8,Manana,146,466,148,1376.4899,75.8054,13,2.8440,0,147.8140,143.7158,8.7701,65510.5891,1.7930,-2.1513,0.8306,-0.1157,entrenamiento
R0489,2026-03-03,C1,Tarde,165,517,181,2180.1589,65.0800,8,20.0815,1,163.9482,167.9048,11.2079,84797.0741,-0.1608,-0.2426,0.4236,-1.1674,entrenamiento
R0490,2026-03-03,C2,Manana,142,449,192,575.7470,50.7583,14,19.0128,0,137.4903,147.7813,4.5380,36740.9091,-1.3128,-0.3675,0.0102,1.3021,entrenamiento
R0491,2026-03-03,C3,Tarde,140,472,184,1194.0335,80.2861,10,14.0138,0,147.8091,147.6416,13.8852,103494.6569,-1.7142,1.0286,-1.2637,0.4926,entrenamiento
R0492,2026-03-03,C4,Tarde,139,264,171,1254.0987,59.8362,12,14.6053,0,142.7445,138.2636,3.9621,29171.0964,1.1629,0.3221,0.6906,0.1470,entrenamiento
R0493,2026-03-03,C5,Tarde,152,355,198,1004.6353,58.6537,8,18.4296,1,150.6188,150.5402,9.0434,66699.7475,1.3596,1.5625,-0.2578,2.5576,entrenamiento
R0494,2026-03-03,C6,Manana,149,310,151,NA,68.6737,16,15.5713,1,149.7476,151.1874,8.1393,63161.7867,-1.5686,-1.4694,-1.4856,-2.4379,entrenamiento
R0495,2026-03-03,C7,Tarde,161,395,216,1929.1890,52.4852,9,2.6303,0,163.4665,161.4814,11.4250,86327.9372,-0.3828,0.4874,0.2874,0.6393,entrenamiento
R0496,2026-03-03,C8,Manana,148,412,184,1235.4309,59.2611,9,25.8092,1,149.6243,146.6825,7.3392,53530.5359,-0.9134,1.0392,-0.9910,0.1343,entrenamiento
R0497,2026-03-04,C1,Manana,145,264,161,1207.7516,87.4601,12,1.7750,0,148.9497,140.1532,10.8142,78776.2768,0.1945,0.2177,-0.5635,-0.9565,entrenamiento
R0498,2026-03-04,C2,Manana,163,334,194,2073.4585,38.8703,10,14.1958,1,159.7711,162.7940,12.4478,93407.1641,-0.2772,-1.1361,-1.0569,-0.5811,entrenamiento
R0499,2026-03-04,C3,Manana,162,520,175,701.6777,85.3161,9,25.0741,0,163.4290,161.3892,15.1442,112259.2783,-0.2628,0.6594,-0.3001,-1.4069,entrenamiento
R0500,2026-03-04,C4,Tarde,171,490,193,475.2131,83.3385,10,9.2681,0,162.4382,172.0759,16.2162,121867.6033,0.7896,-1.4255,1.0225,-0.5813,entrenamiento
R0501,2026-03-04,C5,Manana,149,401,204,583.1557,55.0545,14,15.4878,0,147.8626,154.4169,6.6006,48532.8669,-0.2252,-0.3007,-0.4013,1.6290,entrenamiento
R0502,2026-03-04,C6,Tarde,153,519,170,557.7798,76.7850,14,19.6135,1,154.3567,156.0838,9.6045,73204.4045,-0.6197,0.2895,0.1489,-1.5835,entrenamiento
R0503,2026-03-04,C7,Tarde,138,336,192,1791.4717,55.6251,8,28.0596,1,134.7332,149.9650,10.4782,79602.3421,1.0570,-0.4535,-0.4176,-3.1144,entrenamiento
R0504,2026-03-04,C8,Manana,131,405,135,1152.6813,74.7333,15,23.1184,1,129.3288,130.6430,7.0660,52680.6587,-0.5478,0.0043,-0.7519,-0.2542,entrenamiento
R0505,2026-03-05,C1,Manana,145,386,185,2077.9096,74.0901,15,11.2845,1,145.3810,155.0541,9.5570,70832.5964,0.9558,-0.4276,-0.4678,-0.0995,entrenamiento
R0506,2026-03-05,C2,Manana,134,434,132,685.0557,82.6741,13,20.4206,1,132.0965,144.2955,8.8297,64563.9877,1.9036,0.1859,0.5669,0.5642,entrenamiento
R0507,2026-03-05,C3,Tarde,132,418,145,1139.6042,77.9069,11,18.3233,0,129.7907,127.6635,10.4352,78450.2977,0.8676,-0.1174,0.7749,-0.1102,entrenamiento
R0508,2026-03-05,C4,Tarde,157,320,212,1887.1633,75.6735,17,17.2801,0,158.1533,150.1928,14.4048,107343.1038,0.8131,-1.1568,-0.8296,-0.1492,entrenamiento
R0509,2026-03-05,C5,Manana,143,420,169,1248.1252,41.5383,10,18.1638,0,143.0557,138.8619,12.9582,99299.6336,0.5226,-0.6492,0.8746,1.7810,entrenamiento
R0510,2026-03-05,C6,Tarde,140,370,175,1995.0311,42.4504,13,11.0650,1,138.2953,143.9111,11.7785,89737.2127,-0.4546,-1.8805,-0.4611,-0.7622,entrenamiento
R0511,2026-03-05,C7,Tarde,156,287,173,1187.0220,44.1276,15,9.3973,1,161.9426,150.0856,10.2007,75784.9886,-0.0856,-0.2428,-1.5688,-0.1190,entrenamiento
R0512,2026-03-05,C8,Tarde,139,293,145,2035.8575,51.4462,15,8.2560,0,144.9624,131.9826,7.1022,53569.6301,-0.8503,0.2797,-0.1960,-0.0843,entrenamiento
R0513,2026-03-06,C1,Manana,130,447,177,2122.6496,72.4179,15,3.9236,0,128.9692,123.6505,9.5221,72435.6569,0.9615,-1.6343,0.1104,-0.1014,entrenamiento
R0514,2026-03-06,C2,Tarde,135,407,186,1587.3134,75.0206,11,0.8520,1,138.5437,137.7606,8.4737,61145.1093,-0.2115,-0.2113,0.1951,1.6218,entrenamiento
R0515,2026-03-06,C3,Manana,141,299,195,2133.0538,58.1042,16,5.5182,0,143.0879,146.2871,4.3026,30069.9036,0.2385,-1.3669,-1.3318,-1.4663,entrenamiento
R0516,2026-03-06,C4,Tarde,138,215,127,698.5958,71.9457,7,16.0604,1,134.8345,137.8041,7.7821,58439.3872,-0.0139,0.4826,-0.7279,0.6013,entrenamiento
R0517,2026-03-06,C5,Tarde,145,300,158,NA,44.3469,17,4.5059,1,141.8514,135.0571,10.0045,74318.7181,-1.1484,-0.0831,0.0587,-1.3756,entrenamiento
R0518,2026-03-06,C6,Tarde,161,374,194,560.6760,85.4008,14,23.0557,0,161.6602,156.9776,13.7438,104031.2035,0.9058,-1.8402,1.1066,-0.5302,entrenamiento
R0519,2026-03-06,C7,Tarde,152,494,191,2010.3241,41.2880,17,3.2656,0,155.0583,156.3506,13.8217,104255.7251,-0.0758,-0.2415,-0.4503,-1.4511,entrenamiento
R0520,2026-03-06,C8,Manana,136,345,166,1887.8422,53.8474,13,6.2953,0,138.1685,128.7727,4.4930,31448.6076,-0.6670,-0.3996,0.5357,-1.2433,entrenamiento
R0521,2026-03-07,C1,Manana,156,247,205,1585.7826,48.0899,7,5.6211,0,152.7969,152.0008,9.5226,70796.4776,0.2180,0.1118,2.1502,-1.3969,entrenamiento
R0522,2026-03-07,C2,Manana,149,393,171,701.4452,60.6851,7,22.6534,1,144.7560,149.6079,9.4890,72954.0261,0.6447,0.6730,-0.4695,1.0009,entrenamiento
R0523,2026-03-07,C3,Tarde,149,322,165,1706.4642,77.5054,12,23.2261,0,151.7575,151.4688,9.4191,70048.5130,1.4494,-0.0595,-0.4114,-0.1915,entrenamiento
R0524,2026-03-07,C4,Tarde,149,238,196,1079.8494,49.7204,9,1.6412,0,150.9994,149.2277,5.8054,44398.1678,-0.4135,0.1332,-1.1695,-1.4863,entrenamiento
R0525,2026-03-07,C5,Tarde,127,193,122,601.7984,35.2616,9,14.4080,0,128.7000,137.7463,9.0504,65899.7452,-0.2836,-1.5345,1.1923,0.7116,entrenamiento
R0526,2026-03-07,C6,Manana,149,515,164,1617.0303,63.8173,10,22.9370,0,150.9619,146.8974,9.1120,68671.5038,-0.0031,-0.4138,-0.0883,-1.6483,entrenamiento
R0527,2026-03-07,C7,Tarde,157,310,148,1711.5973,88.1846,10,2.9258,0,154.9721,161.1224,14.1501,106433.2871,0.2116,-1.0811,-1.3715,-0.9682,entrenamiento
R0528,2026-03-07,C8,Tarde,140,302,140,1833.0199,66.3909,13,0.5560,0,138.6013,138.2042,6.5212,49429.3830,-0.6892,-0.8819,0.5260,0.2586,entrenamiento
R0529,2026-03-08,C1,Manana,147,421,138,869.8101,81.6369,10,5.2254,0,148.1414,151.7485,12.1760,94129.3165,-0.7263,0.3924,-0.6048,-1.0044,entrenamiento
R0530,2026-03-08,C2,Manana,129,377,173,NA,75.5376,10,11.6153,0,129.0954,128.6708,8.3936,62840.0527,1.1072,-0.2370,0.1368,-1.4733,entrenamiento
R0531,2026-03-08,C3,Tarde,167,469,204,500.0308,86.1200,11,15.5477,1,171.2574,161.5748,15.5565,116056.8460,-0.7765,-0.6273,-0.2903,-0.6081,entrenamiento
R0532,2026-03-08,C4,Manana,141,457,149,561.3539,73.1145,8,23.5991,0,135.9138,143.6955,9.5194,70296.7757,-0.7146,-2.1734,0.4929,0.1581,entrenamiento
R0533,2026-03-08,C5,Tarde,158,457,147,1506.0330,88.9839,17,20.6938,0,155.2102,155.7744,16.0903,118895.4427,-0.8109,-0.3966,-0.7547,0.5007,entrenamiento
R0534,2026-03-08,C6,Tarde,147,419,138,1553.3312,84.3084,14,5.4409,1,154.8268,149.6674,14.7160,111150.8838,0.7752,-0.7754,-0.1235,1.6010,entrenamiento
R0535,2026-03-08,C7,Tarde,144,469,149,797.0354,77.1830,12,21.7108,0,147.3580,145.4775,10.2770,79081.5405,-0.4116,-1.1524,-1.3390,0.3734,entrenamiento
R0536,2026-03-08,C8,Manana,121,381,133,2180.6500,36.0042,15,28.1502,0,122.2467,121.2777,12.2266,91863.6103,0.9842,1.5861,-1.1315,-0.6736,entrenamiento
R0537,2026-03-09,C1,Manana,159,480,217,773.8590,82.4874,16,3.8492,0,158.3122,152.6573,11.2994,84815.3362,0.3523,-0.8349,-0.9657,0.8809,entrenamiento
R0538,2026-03-09,C2,Manana,134,364,177,2150.5431,39.8804,9,8.8844,1,133.8104,137.9957,11.2687,85382.0022,1.0457,0.2148,-0.7303,-0.6312,entrenamiento
R0539,2026-03-09,C3,Manana,135,398,160,1942.4773,65.4787,12,25.1082,1,136.4366,132.6546,5.2747,38872.1513,-0.1051,-0.0521,-1.0890,-1.1189,entrenamiento
R0540,2026-03-09,C4,Manana,149,441,156,1142.3260,86.1871,14,17.7485,1,149.6955,144.6658,11.0732,83031.3236,-1.2263,0.5885,0.4333,0.1353,entrenamiento
R0541,2026-03-09,C5,Tarde,146,364,132,2000.5308,84.5435,16,1.3797,1,145.2250,139.7271,12.4693,96313.2380,-0.9347,-1.2750,-1.0192,-0.0936,entrenamiento
R0542,2026-03-09,C6,Tarde,152,328,171,987.7932,45.5404,10,5.6150,1,148.4057,146.3787,11.1980,83192.8691,0.7956,-0.8135,0.2235,-0.3213,entrenamiento
R0543,2026-03-09,C7,Manana,150,390,148,932.2121,74.9686,12,18.8189,1,145.8113,137.8429,9.5690,70637.7295,1.0619,0.2113,0.6567,-0.2717,entrenamiento
R0544,2026-03-09,C8,Manana,146,423,154,1122.2474,69.5193,12,20.6497,0,143.7554,152.2068,6.7901,49864.5775,1.2756,0.3677,0.9663,-0.6511,entrenamiento
R0545,2026-03-10,C1,Manana,159,444,164,558.2365,47.8142,17,19.1995,0,161.1028,160.0907,8.0803,59868.2252,-0.4049,-0.4065,-0.2972,-0.1670,entrenamiento
R0546,2026-03-10,C2,Manana,142,317,161,1016.8980,36.3528,15,0.4808,0,141.6498,148.2508,9.5807,73132.8300,-0.5436,0.2394,-0.6517,-0.3941,entrenamiento
R0547,2026-03-10,C3,Manana,118,248,144,469.5369,57.7442,15,28.2250,0,118.0458,122.8739,6.2523,45894.5257,-0.0631,-0.9961,1.1089,1.0705,entrenamiento
R0548,2026-03-10,C4,Manana,167,399,214,736.8179,37.6168,14,13.8103,0,167.2177,166.4429,13.3013,98357.2667,-0.0420,-1.2066,-0.0995,-1.4931,entrenamiento
R0549,2026-03-10,C5,Tarde,140,459,160,1281.7399,NA,10,1.7636,0,141.5411,132.5513,6.1857,45179.6277,0.3147,-0.3532,0.9021,-0.4733,entrenamiento
R0550,2026-03-10,C6,Tarde,145,452,177,678.3754,36.4512,14,2.5952,1,146.3783,148.1281,12.5836,94175.8874,0.9445,0.5219,0.0351,-0.5810,entrenamiento
R0551,2026-03-10,C7,Tarde,149,478,147,1168.7961,68.2944,14,20.2440,0,151.5389,145.1657,9.5617,71421.4959,-1.4407,0.2663,-0.6322,-0.8897,entrenamiento
R0552,2026-03-10,C8,Manana,118,404,143,2034.3186,49.3466,12,16.9096,1,112.2989,125.2505,5.2771,39652.5846,-1.3544,1.2410,0.2592,0.6271,entrenamiento
R0553,2026-03-11,C1,Manana,151,227,153,1806.2964,66.8575,10,21.7303,1,150.5987,156.7987,9.1855,71130.9995,-0.5579,-1.5492,0.9252,0.4793,entrenamiento
R0554,2026-03-11,C2,Tarde,165,403,185,699.3193,69.3929,11,10.2996,1,162.7738,166.1281,10.8631,82797.3951,-0.1078,0.2245,-0.0498,-1.0519,entrenamiento
R0555,2026-03-11,C3,Manana,130,429,124,2138.1682,72.9253,9,18.3800,1,127.7790,131.6075,9.2044,68788.4001,0.2749,-1.8097,0.6335,-0.6517,entrenamiento
R0556,2026-03-11,C4,Tarde,132,198,169,NA,80.6414,10,18.5195,1,133.4144,129.6377,13.8165,102988.5123,0.4566,-0.6645,0.7707,-1.1644,entrenamiento
R0557,2026-03-11,C5,Tarde,151,444,139,1279.9631,59.7513,10,6.4338,0,150.1156,146.2724,8.2314,61030.0447,-0.7290,0.5220,1.0064,-0.0485,entrenamiento
R0558,2026-03-11,C6,Tarde,155,324,190,468.2121,69.1632,9,24.8468,0,153.7773,159.3767,7.2995,52704.6953,-1.4310,1.0279,-1.3660,0.8258,entrenamiento
R0559,2026-03-11,C7,Tarde,145,460,179,1597.4943,53.6872,16,26.1150,0,148.6884,146.7095,5.5436,39161.0636,-1.0420,-0.7932,1.3064,0.8200,entrenamiento
R0560,2026-03-11,C8,Manana,147,236,150,870.2295,42.6905,16,25.9257,0,149.5328,153.3328,5.9625,45464.2677,-1.5133,0.3028,-1.6929,-0.0727,entrenamiento
R0561,2026-03-12,C1,Tarde,161,344,166,1515.5360,62.8842,12,23.4220,0,161.7307,160.9269,6.7162,50262.1792,0.7489,0.9669,0.8711,-0.8497,entrenamiento
R0562,2026-03-12,C2,Manana,150,338,146,872.8918,56.7957,11,7.9397,1,146.1262,144.0627,7.6275,58618.1715,1.1899,-0.1918,-0.4069,1.6597,entrenamiento
R0563,2026-03-12,C3,Tarde,169,475,234,2133.3432,78.0775,10,0.6160,1,167.1613,176.1778,16.0022,117103.2385,-0.0281,-0.5502,-0.6823,-0.5814,entrenamiento
R0564,2026-03-12,C4,Manana,124,392,136,797.6003,86.3053,17,26.8280,1,122.4418,128.4524,10.7020,80927.5468,-2.0913,-0.8092,-1.4640,-0.0876,entrenamiento
R0565,2026-03-12,C5,Tarde,166,573,153,1053.7583,63.0069,12,27.5285,0,169.5588,174.2923,8.6615,65650.1223,0.6490,0.5072,-0.2585,1.1282,entrenamiento
R0566,2026-03-12,C6,Tarde,142,476,153,1169.8300,52.3999,13,9.9937,1,135.6860,132.8945,8.4147,63323.4540,0.9197,0.0313,-0.4174,2.3688,entrenamiento
R0567,2026-03-12,C7,Tarde,145,375,168,1386.3138,62.9995,16,18.8184,1,142.7476,147.8355,4.5854,34524.0584,2.7642,0.6647,0.0241,0.2867,entrenamiento
R0568,2026-03-12,C8,Tarde,138,325,186,1464.4993,82.5475,11,10.2831,1,141.7355,135.1654,9.7820,71852.2047,1.0365,0.0103,0.2716,-0.1017,entrenamiento
R0569,2026-03-13,C1,Tarde,154,428,161,822.0757,44.6051,8,7.6926,0,154.5343,152.3461,11.6048,87237.4426,0.2826,0.7537,-0.1616,-0.6160,entrenamiento
R0570,2026-03-13,C2,Manana,162,302,207,848.0346,75.4541,13,4.3922,1,160.6803,162.4040,6.9486,50944.4920,-2.4103,-0.1161,-1.0286,-1.6541,entrenamiento
R0571,2026-03-13,C3,Tarde,152,463,179,1413.0781,70.0585,13,12.8055,0,157.6334,149.7147,7.5961,56559.5649,1.4851,1.2809,0.2550,0.2901,entrenamiento
R0572,2026-03-13,C4,Tarde,130,330,132,722.2147,41.9483,10,29.3365,0,128.3852,125.6087,10.5387,78637.7610,0.9241,0.2835,-0.6862,0.6540,entrenamiento
R0573,2026-03-13,C5,Manana,148,477,151,1502.5600,70.0508,15,17.8959,1,152.0796,140.1818,9.0184,66277.0824,1.1781,0.0434,0.4730,-2.2705,entrenamiento
R0574,2026-03-13,C6,Tarde,140,253,138,1462.9927,78.8459,16,23.6954,0,144.1065,142.9425,9.7415,72804.4917,0.5649,-1.3762,1.0008,0.2558,entrenamiento
R0575,2026-03-13,C7,Tarde,164,475,190,1782.3990,37.0818,15,18.6931,1,160.1677,165.5507,15.7919,118475.7527,-0.3695,-0.0613,-1.6727,0.6770,entrenamiento
R0576,2026-03-13,C8,Manana,156,528,160,656.7019,82.3554,9,7.8792,1,156.9400,157.2489,15.5510,114977.5787,-2.2858,-0.4677,-0.6195,-0.9982,entrenamiento
R0577,2026-03-14,C1,Tarde,152,439,208,603.1297,49.3240,9,27.6286,0,151.0326,143.9269,9.9177,76935.2677,-0.9394,0.5072,0.0651,-0.2439,entrenamiento
R0578,2026-03-14,C2,Tarde,166,447,157,1531.2348,76.3933,16,18.3792,1,167.6842,162.7706,12.0747,89173.4606,-0.3427,-0.0429,-0.2143,-0.8967,entrenamiento
R0579,2026-03-14,C3,Manana,163,427,227,723.7328,55.7333,8,19.2020,1,161.2859,157.7167,12.0537,91118.9908,0.1884,0.2203,1.7271,1.6240,entrenamiento
R0580,2026-03-14,C4,Manana,146,238,163,NA,69.4658,9,25.8243,1,142.2808,138.8043,8.4329,65202.0718,-0.0104,-0.5477,-1.4581,0.3963,entrenamiento
R0581,2026-03-14,C5,Tarde,143,389,187,1863.7375,35.1595,13,15.2118,1,139.4674,140.0441,13.3267,97831.6004,-0.4072,-1.4389,-0.4633,0.3828,entrenamiento
R0582,2026-03-14,C6,Manana,148,274,141,887.8022,53.2709,12,8.4330,1,147.3808,155.3564,5.2587,40630.5873,0.3230,0.1991,-1.3618,0.1440,entrenamiento
R0583,2026-03-14,C7,Tarde,154,279,211,595.0234,48.2437,8,17.6346,1,152.8187,154.2799,10.0927,74202.0303,0.5603,-1.1296,-0.5241,-0.7042,entrenamiento
R0584,2026-03-14,C8,Tarde,138,423,187,1630.9614,58.7842,10,4.9286,1,134.4002,145.4060,7.6432,54578.5945,0.2722,1.3623,-0.3346,0.1646,entrenamiento
R0585,2026-03-15,C1,Tarde,143,283,197,524.1801,52.7232,13,4.0738,0,143.8498,144.2024,4.8692,35671.7055,0.6792,0.2134,-1.5748,1.2255,entrenamiento
R0586,2026-03-15,C2,Manana,160,353,179,1371.8412,71.9816,16,27.8016,1,160.9669,156.7717,7.6807,58323.7316,1.0152,0.4121,0.2775,0.7576,entrenamiento
R0587,2026-03-15,C3,Manana,163,535,207,NA,71.5753,17,11.6626,0,159.4149,160.9036,9.0179,68300.7949,0.4451,-2.0293,-1.6108,0.1248,entrenamiento
R0588,2026-03-15,C4,Tarde,145,280,139,1998.7400,74.6915,10,11.1237,1,140.7625,143.1063,11.2452,84607.4022,-1.2930,-1.5567,-0.2798,-1.2761,entrenamiento
R0589,2026-03-15,C5,Tarde,155,523,196,830.4873,58.8742,12,28.9251,1,152.9074,158.1302,7.6389,55124.5211,0.4439,0.6858,-1.3126,-0.8927,entrenamiento
R0590,2026-03-15,C6,Tarde,144,380,148,756.3649,NA,7,12.7865,1,146.1796,155.1118,14.9247,110121.9956,-1.3583,-0.4500,-0.2653,0.4654,entrenamiento
R0591,2026-03-15,C7,Manana,140,448,181,1591.7649,86.1056,16,29.3602,1,139.7232,141.9642,14.2223,103004.4906,0.8990,0.6337,-1.7536,0.6380,entrenamiento
R0592,2026-03-15,C8,Tarde,131,307,159,1323.9423,70.3882,8,26.6772,0,136.0542,129.6125,9.7678,73532.6501,1.2379,0.3964,-1.5189,0.8599,entrenamiento
R0593,2026-03-16,C1,Manana,139,267,168,2160.8342,90.9128,7,7.9113,1,132.6972,134.1994,18.6248,139624.2918,-1.5084,-1.3633,0.9075,0.6967,entrenamiento
R0594,2026-03-16,C2,Tarde,150,321,207,1949.2382,51.2716,16,4.0759,1,148.1760,154.3995,8.4787,64785.7818,-0.2246,-1.0470,1.4759,-0.3643,entrenamiento
R0595,2026-03-16,C3,Manana,135,345,125,1893.0612,47.1021,17,11.6736,0,133.3677,132.6890,8.1476,61248.9232,0.5360,0.8310,-0.1871,-0.3436,entrenamiento
R0596,2026-03-16,C4,Manana,162,556,207,2112.5689,90.8655,14,5.2612,0,157.9921,164.0814,18.0401,138294.4271,-0.3855,0.1558,-0.0103,-0.1448,entrenamiento
R0597,2026-03-16,C5,Manana,143,445,137,637.5417,38.8967,12,2.0772,0,145.6240,140.1281,10.3162,76876.2145,1.6731,1.6935,0.5361,-2.1548,entrenamiento
R0598,2026-03-16,C6,Tarde,140,290,172,1551.3981,90.6320,9,15.5610,0,134.0716,137.3069,18.5793,140238.1915,1.6875,0.6302,1.4174,0.8093,entrenamiento
R0599,2026-03-16,C7,Tarde,139,460,140,925.9802,55.7761,12,9.0101,1,140.6934,135.0518,8.3866,62884.2298,-0.7939,0.1437,-1.0480,-1.3348,entrenamiento
R0600,2026-03-16,C8,Manana,132,279,142,2035.8654,85.9859,14,5.6949,1,129.7944,129.8250,11.1247,83872.5653,2.6179,1.0969,0.1124,0.3594,entrenamiento
R0601,2026-03-17,C1,Tarde,155,273,180,671.5526,60.6136,11,8.7800,1,152.9144,152.6535,8.0042,59398.3135,2.0881,0.9791,-2.4783,0.0681,entrenamiento
R0602,2026-03-17,C2,Tarde,138,362,179,1917.6336,39.5742,10,9.4411,0,138.9998,132.9597,12.3667,91363.6519,0.0454,-2.3944,-0.7112,-0.0683,entrenamiento
R0603,2026-03-17,C3,Manana,154,346,163,1783.8083,61.3616,10,14.8695,1,157.9390,152.1874,6.2508,48859.5606,-0.0446,0.4188,0.0893,1.6858,entrenamiento
R0604,2026-03-17,C4,Tarde,144,324,132,405.0965,64.3853,16,22.4111,1,145.2557,150.5414,6.0036,45314.3996,0.6102,0.0542,0.2235,1.2219,entrenamiento
R0605,2026-03-17,C5,Tarde,153,488,169,1808.7623,69.8588,15,28.9044,1,156.2730,149.3501,9.4833,70083.6112,0.2147,-0.6526,0.0370,-0.8991,entrenamiento
R0606,2026-03-17,C6,Manana,167,399,181,423.7135,42.5200,7,27.1374,1,160.4959,169.4222,14.7073,107757.9744,-1.0496,0.0458,-1.1589,0.8581,entrenamiento
R0607,2026-03-17,C7,Manana,150,505,147,2149.4614,59.5365,11,16.8600,1,151.6813,157.6969,7.6605,59115.3448,0.0057,-1.2092,0.8447,0.1480,entrenamiento
R0608,2026-03-17,C8,Tarde,128,266,150,1750.6903,78.3406,10,10.3695,0,125.4133,127.0851,12.0648,93989.6588,0.0094,-1.0629,-0.6325,1.2183,entrenamiento
R0609,2026-03-18,C1,Manana,135,435,152,1941.2137,47.5222,10,14.4735,0,129.6024,128.0416,8.5610,60106.5200,0.1431,0.8607,-0.0011,-0.5898,entrenamiento
R0610,2026-03-18,C2,Manana,158,464,201,470.0699,52.7035,17,5.6372,1,159.7757,157.9904,10.2032,78535.2836,0.5206,-0.3382,1.2290,0.6403,entrenamiento
R0611,2026-03-18,C3,Manana,169,452,174,1890.1001,45.6421,14,15.4707,1,168.6900,174.8940,12.6288,97368.5559,0.6684,-1.7587,0.2750,0.4840,entrenamiento
R0612,2026-03-18,C4,Manana,141,407,152,1951.2793,36.7361,10,23.2286,0,138.1124,142.3452,14.3451,107034.6120,0.0419,-0.0655,-0.8595,0.6409,entrenamiento
R0613,2026-03-18,C5,Manana,158,514,152,418.5575,43.9037,11,12.0422,0,159.4023,156.2245,13.5673,100273.4031,-0.5060,1.6490,-0.1843,-1.2186,entrenamiento
R0614,2026-03-18,C6,Manana,135,391,184,1479.9824,45.9671,8,3.5933,1,139.4853,141.1590,9.9615,74939.9535,0.8778,1.5308,-0.6259,1.1569,entrenamiento
R0615,2026-03-18,C7,Tarde,140,240,192,1423.7094,72.1888,8,4.1307,1,134.8327,137.6366,10.6804,80021.9976,1.4407,-1.9569,0.4330,-0.3162,entrenamiento
R0616,2026-03-18,C8,Tarde,154,371,195,1662.1877,47.6140,13,0.4717,0,152.1562,162.8830,10.9742,82730.8737,1.0011,0.2343,-0.0730,-1.1518,entrenamiento
R0617,2026-03-19,C1,Manana,147,227,162,1207.1600,85.1384,16,20.6409,0,143.8471,139.9212,11.2221,86078.9346,-1.1330,0.7254,-1.6759,-1.4065,entrenamiento
R0618,2026-03-19,C2,Manana,166,272,153,421.8334,38.8251,14,0.4463,0,159.2973,173.0030,10.3765,79007.7499,0.5557,-0.4158,0.2145,-0.9164,entrenamiento
R0619,2026-03-19,C3,Tarde,176,404,236,1364.0083,53.3045,12,1.1190,0,172.5914,180.7017,11.4023,84967.2528,-0.2846,-0.7208,-1.5651,-0.8815,entrenamiento
R0620,2026-03-19,C4,Tarde,161,258,162,1963.1396,67.0825,10,7.9202,1,161.2999,151.8401,11.5570,82929.3034,0.4549,0.9790,0.1591,0.3226,entrenamiento
R0621,2026-03-19,C5,Manana,144,429,185,736.7538,43.1635,16,1.6945,0,140.8322,151.6281,8.4046,63152.7149,0.6333,-0.1648,0.8435,0.7664,entrenamiento
R0622,2026-03-19,C6,Manana,147,496,145,1126.0242,52.3922,8,15.3547,1,149.2175,146.8246,4.3285,32619.0856,1.3792,-0.6111,2.0772,0.8587,entrenamiento
R0623,2026-03-19,C7,Tarde,174,272,179,NA,61.2361,12,27.8201,0,172.2764,177.0959,6.7311,50490.5212,-0.6295,-0.2257,-1.8553,-0.5928,entrenamiento
R0624,2026-03-19,C8,Tarde,150,325,145,1092.8697,38.2615,14,26.6316,1,148.4021,145.6358,10.4196,75923.3768,1.4593,-0.1767,0.2219,0.5669,entrenamiento
R0625,2026-03-20,C1,Tarde,120,311,142,1120.5369,67.2213,10,29.1971,1,114.6084,125.2412,6.9741,54039.4633,-0.5981,0.5448,-1.1956,-1.0113,entrenamiento
R0626,2026-03-20,C2,Tarde,157,285,189,1295.1234,67.0810,7,24.5797,1,155.4017,167.5154,12.0808,92418.7712,-0.5309,-1.7890,0.3226,0.2753,entrenamiento
R0627,2026-03-20,C3,Manana,163,485,221,2132.3597,NA,16,21.4087,1,157.1963,156.7582,9.9208,75510.1204,-0.4400,0.9944,0.0177,0.5738,entrenamiento
R0628,2026-03-20,C4,Manana,155,351,215,1564.9417,82.4832,10,22.5075,0,154.2367,152.8788,12.9762,94422.2615,-0.7914,0.2912,-0.8927,-1.2396,entrenamiento
R0629,2026-03-20,C5,Manana,129,400,145,2044.1442,52.8108,15,27.6089,1,130.3199,123.8335,7.4036,54883.7944,0.7023,0.2099,-0.0519,1.7516,entrenamiento
R0630,2026-03-20,C6,Manana,155,497,186,1568.7770,70.0737,14,27.1376,1,153.9316,151.8181,9.7842,75956.5279,0.9280,-0.2431,-0.1099,0.1645,entrenamiento
R0631,2026-03-20,C7,Manana,158,276,163,1708.1781,58.3185,9,3.6636,0,154.9816,152.7273,10.3051,76589.6399,0.6623,0.3400,2.0904,-0.8364,entrenamiento
R0632,2026-03-20,C8,Manana,168,396,220,1149.5290,78.6073,12,6.0092,0,173.6126,159.4442,11.4797,85995.5293,-1.4959,0.8908,-2.3165,1.5353,entrenamiento
R0633,2026-03-21,C1,Tarde,163,480,178,608.9758,90.2441,15,6.4090,1,163.7590,165.2274,20.3134,153841.4894,0.8839,1.1043,0.9069,-0.4813,entrenamiento
R0634,2026-03-21,C2,Manana,155,279,194,1776.2001,62.9773,12,27.2431,1,153.0265,156.7309,4.6138,33513.2425,0.2303,1.1874,0.1493,-0.9488,entrenamiento
R0635,2026-03-21,C3,Manana,150,410,156,1036.5923,63.8581,15,28.4000,0,145.3507,143.5588,5.4035,39635.2902,0.3294,0.7853,-0.0390,0.2451,entrenamiento
R0636,2026-03-21,C4,Tarde,142,370,199,1096.6312,35.1381,8,26.0383,0,141.4723,149.2212,18.7285,139860.7741,-0.6715,-1.3592,-0.4878,1.0020,entrenamiento
R0637,2026-03-21,C5,Tarde,129,281,179,823.4848,75.3622,11,4.4615,1,128.1431,125.3201,8.3198,62338.8692,0.0145,1.1440,-0.6872,-1.1719,entrenamiento
R0638,2026-03-21,C6,Manana,163,378,180,1103.0654,66.9854,15,15.5281,1,163.3644,160.3937,8.3748,63589.8314,0.7566,0.3107,-0.2863,0.3318,entrenamiento
R0639,2026-03-21,C7,Tarde,172,542,200,2115.8402,65.4703,13,21.7507,1,167.9460,177.2054,10.3571,77611.8970,1.5145,0.9544,-0.6074,0.7607,entrenamiento
R0640,2026-03-21,C8,Tarde,151,423,210,1366.3883,84.2063,10,25.6094,1,148.4333,146.5440,16.6128,123567.8858,-0.8704,-0.5355,-0.3046,0.5667,entrenamiento
R0641,2026-03-22,C1,Manana,160,402,162,2049.9069,63.4857,8,17.8558,0,161.2474,166.2913,8.1314,60668.6269,-0.6645,0.4226,-0.5764,-1.7242,entrenamiento
R0642,2026-03-22,C2,Tarde,134,357,184,1763.0972,82.4509,15,26.6191,1,132.2534,129.7170,10.7429,83005.4593,-0.8567,-0.7420,-0.5630,1.7821,entrenamiento
R0643,2026-03-22,C3,Manana,162,252,193,1936.3190,57.6457,15,29.6759,1,167.7359,159.4386,5.0005,38263.6296,-1.8036,1.4705,-0.3800,-0.1788,entrenamiento
R0644,2026-03-22,C4,Tarde,165,508,195,423.4706,62.4342,8,1.3062,0,155.1807,167.9593,12.5193,92728.8388,0.6700,0.2529,-0.8833,0.2280,entrenamiento
R0645,2026-03-22,C5,Tarde,135,356,159,912.1408,79.3296,13,11.8922,1,136.3468,136.1075,10.0460,76890.5470,-0.7969,-0.5525,-0.4220,-2.1003,entrenamiento
R0646,2026-03-22,C6,Tarde,158,307,142,1534.9816,77.7613,9,9.7271,0,162.0391,166.1671,8.5750,63792.8939,-0.5015,0.4126,-1.2502,0.2322,entrenamiento
R0647,2026-03-22,C7,Manana,143,227,158,1860.1656,70.4186,13,18.8842,0,143.4503,149.3778,5.6854,42408.6650,1.0999,0.4107,-1.2320,0.9140,entrenamiento
R0648,2026-03-22,C8,Manana,181,490,181,1983.8469,73.4441,13,5.1692,0,176.8654,182.0558,13.9163,103476.1151,0.2315,0.9378,0.2179,1.8668,entrenamiento
R0649,2026-03-23,C1,Manana,157,415,171,1379.9722,35.0052,8,16.3391,0,162.9800,162.3870,17.2476,129871.5580,-0.1200,1.9247,-0.8214,1.1414,entrenamiento
R0650,2026-03-23,C2,Tarde,174,302,214,1415.7764,72.7307,13,18.7297,0,172.7869,187.5166,12.1967,92451.3482,-1.9795,-1.1034,-0.3903,0.2625,entrenamiento
R0651,2026-03-23,C3,Manana,136,279,189,960.3199,80.8439,11,26.9098,1,131.3562,137.7627,9.6067,72306.2228,0.4102,-0.2076,0.9027,0.5031,entrenamiento
R0652,2026-03-23,C4,Manana,169,398,174,1744.8920,70.5574,16,1.2861,1,164.6220,169.5718,8.3629,60792.8355,-0.5891,0.5509,-1.1279,-0.7789,entrenamiento
R0653,2026-03-23,C5,Tarde,134,378,133,537.0002,36.8983,13,12.6329,1,133.9025,137.9928,10.4609,77042.4574,-1.2467,0.3225,0.8470,0.7187,entrenamiento
R0654,2026-03-23,C6,Tarde,140,462,190,2075.1019,47.0702,11,12.7652,0,142.6313,133.7046,8.3223,61329.0766,-0.9722,0.0164,0.5486,-1.1209,entrenamiento
R0655,2026-03-23,C7,Manana,149,300,136,1251.7965,88.1971,17,5.3008,1,148.7198,150.1357,11.0965,82975.0194,0.5818,-1.2221,-0.6208,-0.2888,entrenamiento
R0656,2026-03-23,C8,Manana,167,371,204,2020.5008,47.3722,8,20.9589,1,165.6768,168.2034,12.5114,93271.8173,2.8690,1.2413,0.3360,-0.4364,entrenamiento
R0657,2026-03-24,C1,Tarde,138,419,163,1074.6736,56.8595,11,6.4849,1,141.9704,136.2486,8.9772,65479.2982,1.3270,0.2148,-1.4789,1.6786,entrenamiento
R0658,2026-03-24,C2,Tarde,135,456,180,1298.9727,58.1019,12,11.0227,0,137.5260,129.6101,6.6432,48190.2208,0.2986,0.5119,1.8771,0.5793,entrenamiento
R0659,2026-03-24,C3,Tarde,132,229,152,608.9242,41.9538,9,5.3516,1,132.7120,137.8623,10.4154,79136.4026,-0.2809,0.4333,1.6404,1.7652,entrenamiento
R0660,2026-03-24,C4,Tarde,132,258,179,2174.1008,62.2869,12,4.7815,0,136.5161,135.8410,7.8101,60823.4281,1.0784,1.8131,0.8564,0.5881,entrenamiento
R0661,2026-03-24,C5,Tarde,149,308,187,1319.6014,49.2965,16,28.6205,0,150.6239,147.4470,6.0554,47105.7231,-0.6233,0.7217,0.5394,0.1496,entrenamiento
R0662,2026-03-24,C6,Tarde,155,250,170,1688.2013,81.2476,8,7.8855,0,152.6925,158.7341,14.6382,108537.7960,0.8916,1.0467,-0.2684,0.3206,entrenamiento
R0663,2026-03-24,C7,Manana,134,322,163,1146.2436,66.7916,14,14.1928,1,135.3201,130.6851,6.5181,46998.6849,1.0348,0.0221,1.0974,1.3849,entrenamiento
R0664,2026-03-24,C8,Tarde,164,426,176,1747.4274,44.4291,15,10.1923,0,170.8620,155.6119,8.4609,63372.4941,0.1052,1.1277,0.1957,0.9773,entrenamiento
R0665,2026-03-25,C1,Tarde,148,299,145,1979.6397,35.8022,16,0.2199,0,145.0426,146.6041,14.6404,110717.1263,-1.0508,-0.1539,1.9629,1.0505,entrenamiento
R0666,2026-03-25,C2,Manana,142,230,143,1200.2019,48.4386,13,8.6158,0,144.9470,141.7138,4.2087,32192.4950,-0.9857,-1.5583,0.7932,1.3887,entrenamiento
R0667,2026-03-25,C3,Manana,166,476,180,548.3845,74.8504,17,2.6344,1,162.9895,165.4517,7.8409,57748.0418,-0.2096,-1.4571,0.1335,0.6694,entrenamiento
R0668,2026-03-25,C4,Tarde,143,495,154,1798.4085,38.5162,7,2.4529,0,142.8984,141.8152,16.2596,122151.9635,-0.1691,0.5590,0.9444,-1.6714,entrenamiento
R0669,2026-03-25,C5,Manana,155,446,208,625.4803,80.3112,8,12.6100,0,159.3375,148.2148,11.2442,82800.5235,0.5526,0.1993,0.1885,0.9727,entrenamiento
R0670,2026-03-25,C6,Tarde,168,527,206,1067.3792,66.4036,17,20.4243,1,166.1299,163.1330,11.4983,86801.4466,-0.5972,1.1251,1.1497,1.1253,entrenamiento
R0671,2026-03-25,C7,Manana,142,329,138,1005.4620,48.6364,14,22.9979,1,148.7332,140.9477,5.6241,42142.4711,-0.0216,1.7071,-1.8212,-0.5348,entrenamiento
R0672,2026-03-25,C8,Manana,153,436,162,1242.0308,57.3048,9,0.4962,1,153.3649,155.0509,8.2442,59246.4962,-1.0839,0.5552,-0.1556,-1.4339,entrenamiento
R0673,2026-03-26,C1,Tarde,140,274,171,1368.3443,46.1742,9,4.1488,1,143.6027,132.5475,10.5543,80235.1655,1.0908,-0.2963,0.0239,0.3976,entrenamiento
R0674,2026-03-26,C2,Tarde,167,262,215,423.1119,42.3936,17,15.3709,1,171.1107,162.5071,10.6470,80255.3432,-0.7347,0.2823,1.1593,-0.6525,entrenamiento
R0675,2026-03-26,C3,Tarde,130,278,130,1011.8499,63.9184,11,27.5496,1,126.9769,125.6066,6.7103,52662.3568,-1.0669,2.0197,0.4896,-0.3769,entrenamiento
R0676,2026-03-26,C4,Manana,167,504,199,708.0080,36.7359,9,18.7003,0,163.4389,164.7420,14.3690,108422.6458,0.6569,-1.4549,-1.3151,0.6311,entrenamiento
R0677,2026-03-26,C5,Tarde,143,414,165,1147.8048,69.4721,12,18.6157,0,146.7856,145.1912,6.2942,46592.6625,-0.0354,2.2221,-1.1005,0.7794,entrenamiento
R0678,2026-03-26,C6,Tarde,143,373,150,1954.1306,53.8714,7,9.8070,0,145.8292,140.2866,8.4513,64929.1092,1.8556,-1.6308,-0.8838,0.0924,entrenamiento
R0679,2026-03-26,C7,Manana,164,342,222,2008.3128,54.3321,9,11.0329,0,162.3119,167.7974,10.3985,79731.7179,0.1589,-0.8442,-0.3377,-0.2731,entrenamiento
R0680,2026-03-26,C8,Manana,143,431,171,850.7633,42.1458,15,10.9675,0,146.7323,141.6815,8.5487,62392.8090,1.4490,-0.0087,-1.8351,0.1884,entrenamiento
R0681,2026-03-27,C1,Tarde,142,344,165,1605.9531,59.2816,17,23.8573,1,148.1082,142.0424,5.9483,45066.4418,1.6112,1.3809,1.7946,0.1904,entrenamiento
R0682,2026-03-27,C2,Tarde,152,376,157,2193.4157,40.8740,14,12.0955,1,150.5348,144.4122,10.0545,75614.1841,0.5444,1.3798,0.0036,-1.6042,entrenamiento
R0683,2026-03-27,C3,Tarde,157,277,169,810.2597,65.1960,11,16.0737,0,156.6622,156.3594,6.5245,48696.4213,0.3686,0.2929,-0.6830,-0.2922,entrenamiento
R0684,2026-03-27,C4,Manana,148,441,183,1956.7926,78.6427,17,25.1728,0,144.9980,150.1501,10.3847,79093.2378,0.6963,0.9661,0.7012,1.0801,entrenamiento
R0685,2026-03-27,C5,Manana,176,330,197,NA,78.1429,17,10.2899,1,176.9930,169.5025,12.1967,92361.2602,-1.8845,0.1270,-1.2536,1.5041,entrenamiento
R0686,2026-03-27,C6,Manana,166,253,211,971.2580,75.1331,13,28.5683,0,170.5699,157.1205,7.0424,55290.3693,-0.6373,-0.6239,0.6025,0.4575,entrenamiento
R0687,2026-03-27,C7,Tarde,152,360,152,453.8737,80.4345,8,1.3702,1,156.3597,147.7481,15.7686,118172.1595,0.8139,-0.1499,-0.7085,0.7027,entrenamiento
R0688,2026-03-27,C8,Tarde,153,250,139,1852.7193,77.7565,15,8.5358,1,158.7137,146.1334,11.0628,82367.8942,-0.8873,0.7400,-0.5967,-2.0063,entrenamiento
R0689,2026-03-28,C1,Manana,150,519,167,915.9279,59.1620,7,13.1674,1,151.2030,143.6399,12.5252,96246.7852,0.0579,-1.8866,-0.1478,-0.1517,entrenamiento
R0690,2026-03-28,C2,Manana,140,318,179,704.6709,71.1732,13,27.1175,0,137.5742,129.7359,4.4106,35185.3381,-0.9656,0.0976,-1.1110,-1.5063,entrenamiento
R0691,2026-03-28,C3,Manana,161,454,152,1545.9856,84.7610,12,27.7255,1,161.9980,167.5856,15.5473,116312.3697,0.0775,-0.0436,-0.4811,0.3704,entrenamiento
R0692,2026-03-28,C4,Tarde,151,403,144,2058.4230,53.3285,10,29.1050,0,154.3782,154.5842,6.8564,51863.9891,-1.4368,-0.6199,-0.4987,-1.2272,entrenamiento
R0693,2026-03-28,C5,Tarde,164,331,178,1080.0160,44.4039,10,2.6128,0,158.8456,175.1360,12.4346,92689.1137,-0.1297,-1.2645,-0.2825,1.9487,entrenamiento
R0694,2026-03-28,C6,Manana,141,417,173,1653.7392,60.0144,17,17.6581,0,143.6782,139.0763,9.7454,71543.5818,-2.1178,1.8320,-0.2201,1.7065,entrenamiento
R0695,2026-03-28,C7,Tarde,140,431,159,1997.7038,59.8431,12,9.4587,1,141.9356,134.7731,7.6408,57101.6045,0.2483,-0.2133,0.3432,0.5759,entrenamiento
R0696,2026-03-28,C8,Manana,153,266,149,1728.5333,45.1739,12,6.7819,0,152.0346,151.2638,10.3479,79467.0101,-0.6436,0.0597,1.3311,-1.9824,entrenamiento
R0697,2026-03-29,C1,Manana,156,518,183,1343.9488,50.6787,14,13.1088,0,154.6563,148.6555,6.7546,51594.3572,-0.3518,1.3671,-0.5529,0.5944,entrenamiento
R0698,2026-03-29,C2,Manana,156,244,162,727.9301,86.8136,11,26.6755,1,157.7496,149.9838,12.8072,96512.7697,2.1504,0.5771,-1.4062,-0.2042,entrenamiento
R0699,2026-03-29,C3,Manana,134,439,186,623.4390,60.3517,17,13.0894,0,131.1919,143.4782,4.1963,31942.0535,-0.5482,0.5392,0.5147,-0.2895,entrenamiento
R0700,2026-03-29,C4,Manana,157,437,171,2179.8758,38.8440,13,29.8977,0,157.5400,151.0896,13.8371,105609.6270,0.0362,1.6208,0.4571,-0.4363,entrenamiento
R0701,2026-03-29,C5,Manana,150,317,210,743.9788,46.3709,16,19.7086,1,150.9252,144.7996,6.8300,50200.3909,-0.6927,-0.0095,1.4311,0.8578,entrenamiento
R0702,2026-03-29,C6,Manana,153,255,209,1689.7047,87.2314,17,0.2748,1,154.8571,156.4418,11.8264,90031.2226,0.3866,0.3612,0.3769,0.4517,entrenamiento
R0703,2026-03-29,C7,Manana,155,267,201,NA,42.4718,15,23.7262,0,157.2118,151.6200,5.8248,43500.3985,-0.2421,-0.7313,0.7980,0.1453,entrenamiento
R0704,2026-03-29,C8,Tarde,157,282,170,1411.9266,39.7956,11,27.1361,1,158.3015,159.8576,11.3909,83237.8536,-1.3587,-1.4455,1.0747,-0.1541,entrenamiento
R0705,2026-03-30,C1,Tarde,151,383,185,1122.2259,38.6950,7,6.6778,0,151.2459,153.3281,17.6821,131882.0136,0.2551,2.0269,1.0396,-0.3917,entrenamiento
R0706,2026-03-30,C2,Manana,145,385,147,1471.8912,64.8110,16,6.1960,1,146.9271,131.6398,5.0323,36816.8756,2.1987,0.0014,0.5346,0.6539,entrenamiento
R0707,2026-03-30,C3,Tarde,134,254,146,1395.7019,75.7602,16,1.5147,0,133.0506,135.7716,7.4161,53534.5830,-0.0922,0.6603,-1.8223,0.7691,entrenamiento
R0708,2026-03-30,C4,Manana,168,576,190,1540.4196,36.9573,10,20.5549,1,170.1215,172.7113,16.2324,122913.4273,-1.0910,0.3562,0.5498,-0.8778,entrenamiento
R0709,2026-03-30,C5,Manana,138,341,135,1190.6357,85.2858,10,7.8666,0,140.9197,141.1360,11.2370,84730.0352,0.9466,1.7440,0.3492,1.2893,entrenamiento
R0710,2026-03-30,C6,Manana,159,306,183,1381.3328,54.3073,10,25.9655,1,156.4268,158.9291,9.9546,74502.9909,-0.2984,2.2166,-0.6764,-0.1641,entrenamiento
R0711,2026-03-30,C7,Manana,156,513,165,1030.9437,35.8366,12,2.0136,1,148.7955,160.3856,10.9873,83762.9423,0.4403,-1.1259,1.4240,-0.7781,entrenamiento
R0712,2026-03-30,C8,Manana,137,245,126,1454.9283,54.2683,7,25.1224,0,132.7457,141.6273,6.0909,43292.3353,-1.8334,-0.2016,-0.3819,-0.6574,entrenamiento
R0713,2026-03-31,C1,Tarde,159,534,144,727.2487,90.7775,16,19.3110,1,155.6318,157.0133,18.1650,137620.9133,1.5106,0.7952,0.4253,-0.9003,entrenamiento
R0714,2026-03-31,C2,Tarde,138,410,129,944.8161,51.7540,10,1.7938,1,133.2341,142.8631,9.5784,72741.7775,0.2568,-0.7795,0.2611,0.0531,entrenamiento
R0715,2026-03-31,C3,Manana,145,385,154,1197.6560,NA,11,28.0216,1,144.6723,156.2245,5.9673,44763.2979,0.4324,1.0353,-2.1736,-0.3226,entrenamiento
R0716,2026-03-31,C4,Tarde,162,386,197,577.6964,89.4341,16,18.0885,0,165.8163,157.7460,17.3242,129656.6201,0.8327,0.7829,0.3182,0.8289,entrenamiento
R0717,2026-03-31,C5,Tarde,169,513,179,2032.2889,67.7393,11,10.8114,1,169.0030,183.0424,12.0409,90376.3138,-0.1569,-0.3613,-0.2892,0.9203,entrenamiento
R0718,2026-03-31,C6,Tarde,165,475,188,2184.0707,55.5408,16,20.6846,1,168.9071,161.1037,9.7183,72953.5567,-0.3660,1.7713,1.3398,-1.2038,entrenamiento
R0719,2026-03-31,C7,Manana,145,243,189,1331.4292,70.1304,17,16.8301,0,143.1095,147.0433,2.8755,20617.5132,-1.8395,0.8832,0.0488,-0.4350,entrenamiento
R0720,2026-03-31,C8,Manana,154,363,211,1676.9165,45.0122,12,10.9070,1,156.2833,154.1605,9.8979,74736.6584,0.5854,-0.2192,0.0019,-0.6499,entrenamiento
R0721,2026-04-01,C1,Manana,150,384,149,637.1170,41.5056,13,18.9997,1,155.9591,147.2852,12.1544,89612.1726,1.3581,-1.1163,-0.4158,0.3289,entrenamiento
R0722,2026-04-01,C2,Tarde,141,284,176,1621.5539,65.1524,9,10.3608,1,142.7442,141.3349,8.0520,57451.3804,2.2046,-1.0737,1.2906,0.4496,entrenamiento
R0723,2026-04-01,C3,Tarde,136,354,152,693.3495,NA,10,6.7854,0,140.9039,133.1813,16.4036,124925.8098,0.7625,-0.5395,1.2655,-0.3022,entrenamiento
R0724,2026-04-01,C4,Tarde,158,290,174,1588.4730,49.7405,16,0.0230,1,160.2789,162.1560,4.9343,36316.1085,-1.5858,0.8804,0.8455,0.7608,entrenamiento
R0725,2026-04-01,C5,Manana,154,379,179,1460.8279,85.2161,7,28.6628,1,151.9591,153.0208,15.6978,121433.4777,1.0612,0.8137,-0.0955,0.1847,entrenamiento
R0726,2026-04-01,C6,Manana,168,514,173,1625.3360,85.5697,12,10.2836,0,171.9433,162.9558,15.7825,122320.0074,2.5717,-0.6633,-0.0098,-0.4551,entrenamiento
R0727,2026-04-01,C7,Tarde,160,481,170,1621.6974,66.9539,7,26.2391,1,161.3896,161.3879,13.3746,96877.1153,0.1658,-0.1556,-0.8602,0.1166,entrenamiento
R0728,2026-04-01,C8,Tarde,150,271,206,1827.6689,81.2375,8,29.5864,0,149.1665,156.4961,13.2298,99083.2239,-0.8168,-0.0593,0.3358,-1.0232,entrenamiento
R0729,2026-04-02,C1,Tarde,147,285,182,1078.9088,52.3586,13,18.6575,1,147.7041,155.1953,6.1890,47914.7805,-0.8080,0.5192,-1.7557,-0.8734,entrenamiento
R0730,2026-04-02,C2,Tarde,130,211,157,572.3276,45.3645,7,14.2227,1,131.0378,128.4943,10.4433,78117.5688,-0.9474,-0.9288,0.7622,1.1187,entrenamiento
R0731,2026-04-02,C3,Manana,164,479,192,2052.9799,43.4780,12,29.8861,0,161.9935,161.6894,11.1311,82929.9969,-0.9050,-1.1924,0.2683,-0.0920,entrenamiento
R0732,2026-04-02,C4,Manana,151,404,175,1533.1838,88.6581,10,11.7694,1,150.2798,150.2985,15.7309,116234.2603,-1.3446,0.1219,-0.3624,0.2572,entrenamiento
R0733,2026-04-02,C5,Manana,169,537,231,569.4506,55.2709,9,20.7904,1,169.1423,162.9757,9.7708,73903.1791,0.0141,-2.3745,0.3843,-2.4105,entrenamiento
R0734,2026-04-02,C6,Tarde,164,401,155,1273.9805,73.3241,17,22.7184,1,166.0959,161.8403,8.2009,60284.6326,0.2272,2.9705,-0.7903,0.9938,entrenamiento
R0735,2026-04-02,C7,Manana,140,247,188,511.1498,82.4812,11,23.7019,1,142.3966,142.4510,9.6103,71026.2478,-1.5047,0.5963,0.4027,-2.7721,entrenamiento
R0736,2026-04-02,C8,Manana,116,181,112,471.1923,71.1066,11,9.7044,1,116.4073,121.1254,2.3623,18924.2215,-0.5328,0.2020,-1.9154,-0.7458,entrenamiento
R0737,2026-04-03,C1,Manana,156,294,143,1881.9841,86.8149,13,9.9474,0,158.4270,150.3620,15.3194,114020.6660,0.9821,-0.2599,0.9022,-0.4890,entrenamiento
R0738,2026-04-03,C2,Tarde,150,448,172,1770.4786,43.1042,7,3.0062,0,153.4126,142.4903,12.8643,97074.1259,-0.9793,0.5061,0.0566,0.3397,entrenamiento
R0739,2026-04-03,C3,Tarde,152,434,185,569.8697,60.7921,8,24.8316,1,151.6853,148.4206,9.0454,67027.0570,0.3968,0.8517,-0.3243,-0.4870,entrenamiento
R0740,2026-04-03,C4,Tarde,154,290,201,1269.0474,74.4223,13,14.1970,1,153.3337,148.8577,7.8187,59522.5742,0.7090,-0.6132,0.5170,0.2600,entrenamiento
R0741,2026-04-03,C5,Tarde,160,389,224,944.3068,67.0006,10,29.7909,0,155.9025,160.1670,9.3578,69576.9519,1.2597,0.9459,-0.4759,-0.1266,entrenamiento
R0742,2026-04-03,C6,Tarde,153,364,141,1731.7625,82.2358,13,12.1588,1,154.1246,148.5304,13.3726,98335.8247,-0.1768,-0.1107,1.4835,1.3252,entrenamiento
R0743,2026-04-03,C7,Tarde,144,394,197,1991.4243,50.3914,11,15.8071,0,148.8923,154.5851,10.1614,75615.2718,-0.1011,-0.8100,-1.0915,2.0426,entrenamiento
R0744,2026-04-03,C8,Tarde,145,307,141,823.4219,73.4083,13,3.9479,1,142.1194,144.8576,6.4708,48133.7060,0.7602,0.5322,0.1132,-0.4276,entrenamiento
R0745,2026-04-04,C1,Tarde,146,302,171,1224.1843,37.3937,8,13.4678,1,143.4584,151.3523,13.3038,98295.5781,-2.6494,-1.1624,1.2740,-1.3714,entrenamiento
R0746,2026-04-04,C2,Tarde,153,500,190,1149.4446,84.4430,12,26.9217,1,152.2719,158.3799,13.5033,99568.7415,-0.9331,-0.8183,-0.6185,0.2801,entrenamiento
R0747,2026-04-04,C3,Tarde,138,228,130,707.6499,51.0416,14,23.5941,1,136.0358,135.1715,5.5205,43499.6863,-0.2720,-1.2639,-0.2189,2.8265,entrenamiento
R0748,2026-04-04,C4,Manana,167,490,184,2040.5654,41.7101,9,3.6649,0,166.4838,167.5380,13.7770,104611.8129,-0.4241,-0.3360,0.2947,0.5864,entrenamiento
R0749,2026-04-04,C5,Tarde,142,444,180,1921.0400,49.8027,8,24.3566,0,137.5177,141.3011,10.5152,78252.4815,-2.5806,0.9342,-0.1882,0.0741,entrenamiento
R0750,2026-04-04,C6,Tarde,127,403,146,1133.6424,63.1097,16,19.5500,1,127.0961,125.4369,5.7347,43120.2935,0.6655,1.0973,-1.3668,-0.3312,entrenamiento
R0751,2026-04-04,C7,Tarde,165,295,226,933.7034,59.8264,14,9.5447,0,167.3685,162.0295,10.2360,78089.9800,-0.1158,1.8549,0.8254,-0.8092,entrenamiento
R0752,2026-04-04,C8,Tarde,131,203,133,1331.4558,NA,9,0.6747,0,130.0521,128.5238,12.1145,92877.9441,0.7604,0.6211,-0.6146,-0.9031,entrenamiento
R0753,2026-04-05,C1,Manana,177,430,188,1982.0123,80.0194,12,6.0090,0,176.6183,179.5784,10.5348,81087.9764,-0.2662,-0.6135,0.6163,-0.2731,entrenamiento
R0754,2026-04-05,C2,Tarde,146,346,180,1682.2098,57.3299,8,19.1923,1,147.9519,149.4149,10.9263,82844.7801,-0.7000,-0.6987,-0.7307,-0.9768,entrenamiento
R0755,2026-04-05,C3,Tarde,167,375,186,1138.6256,71.6588,15,7.1185,1,171.4400,169.5150,12.1243,90289.8948,0.5095,1.4568,0.3692,-1.6341,entrenamiento
R0756,2026-04-05,C4,Manana,152,308,166,1779.2787,78.7155,8,23.0869,0,152.4110,151.1322,10.9529,80135.6708,1.2106,-1.1733,0.5477,0.2191,entrenamiento
R0757,2026-04-05,C5,Tarde,152,398,159,2146.4161,55.2239,13,25.5237,0,154.2537,156.2725,6.3036,46581.5274,0.1842,0.0079,-0.6486,-1.1080,entrenamiento
R0758,2026-04-05,C6,Manana,162,395,175,932.0919,46.2262,9,12.8199,0,160.6608,157.5592,11.9643,89004.0531,0.9011,-1.0406,-1.8430,0.0492,entrenamiento
R0759,2026-04-05,C7,Tarde,158,275,190,1514.1691,63.9994,11,27.7553,0,153.5734,150.3228,7.3472,53646.8532,0.3674,0.5461,0.2337,0.1047,entrenamiento
R0760,2026-04-05,C8,Tarde,159,292,168,1997.7549,73.4264,12,23.9477,1,160.1154,157.8306,11.6636,87313.4533,3.2601,0.8155,-0.9042,0.9200,entrenamiento
R0761,2026-04-06,C1,Manana,145,285,176,1050.8949,75.7512,8,28.3943,0,140.5614,148.2054,11.3873,84767.2033,-0.0712,-0.1014,-2.2828,0.7684,entrenamiento
R0762,2026-04-06,C2,Manana,162,325,220,1608.1553,71.6157,8,22.6224,1,157.7756,157.2288,13.5537,103154.9836,0.0630,0.1707,0.3489,-0.5328,entrenamiento
R0763,2026-04-06,C3,Manana,134,305,135,1869.5801,91.9333,7,19.9642,1,132.9921,134.3519,19.8076,146761.2638,0.6840,-0.4724,-2.1438,-0.9670,entrenamiento
R0764,2026-04-06,C4,Tarde,123,355,118,1584.3656,70.9064,7,21.2851,0,121.6463,130.2497,8.9257,68295.6710,-0.3787,-0.3952,0.4003,-2.4752,entrenamiento
R0765,2026-04-06,C5,Tarde,140,407,196,1760.6077,46.9102,15,3.6805,1,140.4593,143.9973,9.5117,71659.2485,0.6021,0.1802,0.2272,-0.8190,entrenamiento
R0766,2026-04-06,C6,Manana,140,275,152,1926.5950,35.6879,7,26.1923,1,137.5317,144.7083,12.9852,97560.6284,0.5613,-0.2893,0.1151,-0.8559,entrenamiento
R0767,2026-04-06,C7,Tarde,149,513,188,1542.1728,NA,16,8.2042,0,147.6201,149.4800,17.3128,131577.8697,-2.0308,-0.6269,0.0688,-0.2596,entrenamiento
R0768,2026-04-06,C8,Manana,145,308,131,NA,57.3682,9,9.9338,1,145.2276,140.4271,8.3149,62231.4471,-1.1884,0.6002,0.6109,-0.9270,entrenamiento
R0769,2026-04-07,C1,Manana,179,603,186,602.0962,50.5959,10,27.5541,1,181.0655,180.9066,9.5938,72801.9072,0.5594,-1.2581,-1.6462,-0.7396,entrenamiento
R0770,2026-04-07,C2,Manana,158,534,160,505.7614,75.1427,14,17.8220,1,159.7332,151.5895,8.6413,63701.4843,-0.0988,-0.2464,0.6902,1.3604,entrenamiento
R0771,2026-04-07,C3,Manana,141,219,140,571.3163,87.9443,13,17.1638,0,144.9304,138.5828,12.2063,92535.8477,1.7261,-1.7839,-0.5114,0.7851,entrenamiento
R0772,2026-04-07,C4,Manana,154,322,179,1788.8961,69.8115,11,29.3670,0,154.1390,148.6924,7.2269,54772.8360,0.1498,-1.2257,0.3479,-0.8230,entrenamiento
R0773,2026-04-07,C5,Tarde,133,307,156,694.9328,NA,12,20.9621,0,136.0352,135.6662,5.7506,43665.9914,0.3276,-0.6848,3.2758,0.4560,entrenamiento
R0774,2026-04-07,C6,Tarde,153,362,157,1070.9554,51.8300,9,5.8344,0,152.0733,147.9870,9.0783,67906.5471,0.4951,-1.0486,1.7653,-0.9258,entrenamiento
R0775,2026-04-07,C7,Manana,159,406,214,2061.4055,86.8762,11,28.4490,1,157.3121,158.9849,17.0966,128004.8274,-0.2286,-0.9207,-0.7271,-1.1173,entrenamiento
R0776,2026-04-07,C8,Tarde,165,451,175,1384.0214,71.7737,7,7.6286,0,167.6996,168.2261,15.9333,119379.2840,0.0498,-0.9656,-0.9846,0.4498,entrenamiento
R0777,2026-04-08,C1,Manana,134,445,130,2130.8472,84.9437,16,12.7160,1,132.8003,135.9878,15.5473,117535.2740,-0.0536,-0.3004,-1.3559,-1.8583,entrenamiento
R0778,2026-04-08,C2,Manana,136,353,175,NA,65.9672,16,14.2024,1,133.3912,142.9969,6.0394,43889.9284,1.7534,0.9941,1.4838,-1.1245,entrenamiento
R0779,2026-04-08,C3,Manana,142,370,157,1146.8766,42.3265,12,20.7996,0,137.9223,138.8930,7.9755,60782.8776,0.7253,-2.9890,-1.1260,-0.7456,entrenamiento
R0780,2026-04-08,C4,Manana,150,418,152,1899.3754,70.5768,14,7.3227,0,155.4267,144.5100,6.7856,49613.5416,-0.0706,-0.4807,1.1870,-0.9270,entrenamiento
R0781,2026-04-08,C5,Tarde,131,395,147,850.6527,67.3236,11,20.8450,0,129.1451,135.6226,8.5134,62450.9941,-1.3305,0.3807,-0.5351,-0.1340,entrenamiento
R0782,2026-04-08,C6,Manana,149,367,172,1513.6224,39.7350,8,8.8025,0,150.7907,154.4209,13.6308,99587.3956,-1.5972,-0.1884,-0.2738,1.7377,entrenamiento
R0783,2026-04-08,C7,Tarde,161,511,158,693.5117,58.9365,15,5.9015,0,156.2307,156.9358,6.5925,50456.5582,0.0037,0.0260,0.7336,-0.7722,entrenamiento
R0784,2026-04-08,C8,Tarde,170,349,216,1571.6716,60.6338,16,28.3199,1,168.0242,170.3524,8.0909,61256.5244,0.3995,-2.0629,-0.6362,0.3211,entrenamiento
R0785,2026-04-09,C1,Manana,154,359,164,882.1882,82.7095,7,18.9947,0,153.4015,148.7891,13.3325,100755.6922,0.0655,0.7705,-0.3967,0.4016,entrenamiento
R0786,2026-04-09,C2,Tarde,150,456,204,1471.7337,48.5098,7,25.1841,1,148.6456,151.3817,13.4863,101346.7064,0.4890,-1.0939,-0.4703,-0.8178,entrenamiento
R0787,2026-04-09,C3,Manana,149,405,191,1155.1773,70.3965,12,9.2783,1,145.4758,155.8737,5.8926,42694.7522,-0.3034,1.0838,-0.8188,-1.1143,entrenamiento
R0788,2026-04-09,C4,Manana,164,323,153,889.1472,45.8778,14,25.1220,1,164.1044,165.9313,8.1646,61417.7032,-1.4214,0.6228,2.0335,-2.3218,entrenamiento
R0789,2026-04-09,C5,Tarde,179,598,164,1673.7092,45.7123,16,18.6273,0,182.4544,177.1793,12.5217,94275.3086,0.5261,0.7059,0.4082,-0.5289,entrenamiento
R0790,2026-04-09,C6,Manana,158,329,174,1144.8122,81.0213,12,13.5555,0,154.7720,161.5101,8.7982,63123.4280,0.0106,-0.0135,0.5450,-2.1633,entrenamiento
R0791,2026-04-09,C7,Manana,150,497,144,NA,54.9782,11,25.8711,1,149.6672,150.2617,8.1380,63005.1041,-0.2855,-0.0679,0.3582,1.5713,entrenamiento
R0792,2026-04-09,C8,Manana,141,328,180,1898.8058,39.7431,11,14.8441,0,145.7690,144.8441,12.3960,92415.9333,-0.8169,-0.7136,-0.1583,0.8564,entrenamiento
R0793,2026-04-10,C1,Tarde,153,516,149,1413.5143,78.8944,17,17.2848,0,152.0550,155.4781,12.6430,95435.3323,0.1950,-0.2073,-0.3315,-0.1872,entrenamiento
R0794,2026-04-10,C2,Manana,154,398,183,611.0303,60.7876,9,23.3324,1,151.8410,159.4880,7.9844,62892.3447,0.1105,-0.1910,0.4428,1.5639,entrenamiento
R0795,2026-04-10,C3,Tarde,130,343,148,544.6446,39.2139,15,15.9588,0,127.4157,140.7425,9.9326,72895.1565,-1.7339,-0.9851,0.4741,0.5865,entrenamiento
R0796,2026-04-10,C4,Tarde,152,396,166,2112.0814,42.8342,11,9.3252,1,150.4995,141.4130,13.7550,102388.3950,-0.3691,-1.0793,-0.9762,-1.3938,entrenamiento
R0797,2026-04-10,C5,Manana,168,487,177,423.0062,79.3220,9,8.0871,1,166.1780,173.1223,10.6359,80891.2985,0.5878,0.6620,-1.3493,1.5100,entrenamiento
R0798,2026-04-10,C6,Tarde,158,525,168,NA,36.6192,15,21.5170,1,162.5346,161.7795,14.0067,105241.8006,-0.8436,-0.3379,-0.3955,1.7739,entrenamiento
R0799,2026-04-10,C7,Manana,157,516,154,1598.1895,49.1696,13,26.8165,0,157.7721,149.6906,9.9895,75423.3675,0.0611,1.1457,-0.3164,0.3198,entrenamiento
R0800,2026-04-10,C8,Tarde,146,364,166,NA,67.8647,16,3.2728,1,145.1576,147.3027,10.8635,82515.7202,-0.0928,-0.6245,-1.6170,-1.6552,entrenamiento
R0801,2026-04-11,C1,Manana,152,249,148,798.9331,64.4693,7,10.0141,1,150.7289,156.4253,7.2158,51976.9380,-0.5592,-0.2104,-0.9973,1.3458,entrenamiento
R0802,2026-04-11,C2,Manana,147,347,193,1882.2048,87.0918,11,11.2074,1,149.1110,156.1354,13.3510,98674.5479,-1.4508,-0.0069,-2.0878,-0.3976,entrenamiento
R0803,2026-04-11,C3,Manana,160,303,193,685.4303,70.7574,10,8.5273,1,159.8386,156.8997,6.9455,48338.9442,0.5637,-1.3377,3.2533,1.2198,entrenamiento
R0804,2026-04-11,C4,Manana,158,521,176,1040.5222,70.8751,14,13.4104,1,159.8367,142.2910,9.2365,68745.1862,-0.0371,1.8422,-1.1156,1.2643,entrenamiento
R0805,2026-04-11,C5,Tarde,142,351,189,648.9958,82.4454,12,18.7641,1,140.8678,137.4324,9.7722,74664.0559,-0.5895,1.7693,0.2572,-0.5181,entrenamiento
R0806,2026-04-11,C6,Manana,139,234,158,953.8067,79.2074,7,24.0804,0,141.5542,147.3086,8.8141,64177.4168,-0.6356,-0.9919,-1.1103,-2.0492,entrenamiento
R0807,2026-04-11,C7,Manana,140,276,167,719.9260,73.0132,10,22.4852,1,140.0754,146.7760,8.8661,66304.1476,0.4938,-1.1524,-0.4991,-0.9946,entrenamiento
R0808,2026-04-11,C8,Manana,148,261,139,477.2093,52.9658,14,26.4653,0,143.2357,147.9648,2.9446,22905.2885,1.0827,-2.2379,0.2077,1.2950,entrenamiento
R0809,2026-04-12,C1,Tarde,153,437,174,1931.6211,47.3813,8,20.6255,0,157.3161,156.9561,11.1373,83552.2008,0.2207,-0.6570,1.4350,1.3773,entrenamiento
R0810,2026-04-12,C2,Manana,148,360,166,998.2595,72.8213,13,21.9051,1,149.3848,151.5879,8.7131,65804.6350,0.7265,-0.7258,-0.1062,-0.2871,entrenamiento
R0811,2026-04-12,C3,Manana,144,341,134,1950.7214,84.3780,10,23.3689,0,142.1638,151.5437,10.1944,77673.3386,0.0392,-0.3593,-0.8703,0.9218,entrenamiento
R0812,2026-04-12,C4,Manana,149,384,186,807.6121,75.7970,9,20.8935,0,149.4471,159.1508,6.8233,50649.3063,-0.4131,0.4552,-0.8081,-0.3938,entrenamiento
R0813,2026-04-12,C5,Tarde,152,302,206,1685.3263,88.6078,10,16.8953,0,146.6361,148.8160,15.5474,115761.7559,0.9107,2.3167,-1.2231,-0.0360,entrenamiento
R0814,2026-04-12,C6,Manana,148,475,148,1727.6803,79.1904,13,14.1303,0,147.0826,146.9457,9.5882,70962.1785,0.3584,-1.9583,0.6963,-1.2756,entrenamiento
R0815,2026-04-12,C7,Manana,127,273,126,855.3136,78.1827,7,11.3594,0,125.0556,120.8211,11.8532,92466.1229,0.1738,2.3836,0.0162,-1.0691,entrenamiento
R0816,2026-04-12,C8,Manana,152,355,175,1934.0870,57.4927,11,13.1860,0,150.5257,151.2701,5.2984,37547.6406,0.1908,-0.2168,0.3692,-2.2241,entrenamiento
R0817,2026-04-13,C1,Tarde,170,565,231,2078.7927,82.1576,11,1.5671,1,170.3868,167.5834,16.8485,126607.5210,-0.9177,-0.4669,0.7893,-1.1135,entrenamiento
R0818,2026-04-13,C2,Manana,138,471,166,488.2087,44.4788,11,29.2748,1,136.7288,141.5772,8.3570,63687.0978,1.1284,1.2771,0.1024,-0.6468,entrenamiento
R0819,2026-04-13,C3,Tarde,135,257,171,NA,49.3487,10,12.7897,0,134.1924,132.6005,8.2891,62353.6979,0.0945,0.3254,0.7920,-0.0218,entrenamiento
R0820,2026-04-13,C4,Tarde,156,271,215,1366.7056,57.0205,7,19.7968,0,159.1452,152.0210,10.1571,78942.5004,0.1885,-0.1431,-0.2499,-0.9361,entrenamiento
R0821,2026-04-13,C5,Manana,157,541,196,1237.3102,58.1675,12,28.4709,0,152.6382,152.1091,6.2194,45457.3583,-0.6867,-0.5797,1.0413,0.5708,entrenamiento
R0822,2026-04-13,C6,Manana,132,234,138,1146.6496,41.2364,8,5.6316,1,129.5373,124.9920,9.8814,75796.2022,0.6417,1.9808,0.6448,1.4303,entrenamiento
R0823,2026-04-13,C7,Tarde,140,237,145,515.3511,57.6454,17,8.7665,0,141.2633,130.4443,4.2466,30972.1373,0.0682,-1.4686,-1.9209,-1.4392,entrenamiento
R0824,2026-04-13,C8,Tarde,140,246,170,1165.2024,42.0828,8,5.4402,1,141.0134,136.4884,14.3506,106034.2282,1.2383,0.3193,-0.1665,-0.5876,entrenamiento
R0825,2026-04-14,C1,Tarde,167,392,176,656.2021,66.6339,16,17.1834,1,160.4325,165.6485,8.7139,65786.0499,0.9059,0.5178,-0.8674,0.3960,entrenamiento
R0826,2026-04-14,C2,Tarde,170,382,160,1915.0533,45.5355,15,5.6932,0,170.3141,170.9999,11.7507,91466.1312,-0.9917,-0.3620,0.6469,0.3025,entrenamiento
R0827,2026-04-14,C3,Manana,154,232,213,652.2392,84.6589,9,28.7729,0,150.8625,145.7529,13.7339,104397.3492,0.1503,0.4678,1.7805,-0.5595,entrenamiento
R0828,2026-04-14,C4,Manana,139,346,136,440.4638,74.5749,14,18.0664,0,137.2514,134.2336,5.6646,40461.3838,-0.0732,0.3896,-0.3636,-1.2932,entrenamiento
R0829,2026-04-14,C5,Manana,137,245,163,1735.4137,91.9901,9,13.3670,0,134.6303,133.4428,14.9006,110793.0850,1.0135,-0.1686,-0.8748,1.9778,entrenamiento
R0830,2026-04-14,C6,Manana,134,288,186,574.5337,81.2283,17,25.9860,0,129.3155,142.6185,8.8405,66748.7364,-1.4344,1.2287,0.0181,0.3543,entrenamiento
R0831,2026-04-14,C7,Manana,155,416,213,1861.5973,54.4512,10,14.5534,1,158.7386,148.7269,7.7004,57508.3449,0.8307,-0.1262,0.0710,0.1922,entrenamiento
R0832,2026-04-14,C8,Tarde,160,519,156,913.9664,66.7075,10,20.2378,1,161.0371,168.6970,11.1804,85041.6155,-1.3611,0.3842,0.7586,-0.0293,entrenamiento
R0833,2026-04-15,C1,Manana,143,365,161,1889.1045,49.9431,14,2.7528,1,141.0410,141.8301,8.1367,60436.8454,-0.2971,1.0604,-0.4273,2.3555,entrenamiento
R0834,2026-04-15,C2,Manana,162,417,170,2016.4043,39.0124,11,8.9601,1,155.6940,159.6568,9.9485,73728.2881,0.6929,-0.5902,0.6874,-0.9128,entrenamiento
R0835,2026-04-15,C3,Manana,143,427,200,1211.5698,44.2037,16,28.3907,1,141.4634,147.2978,8.1257,60003.0341,1.9485,0.9575,0.7532,0.8322,entrenamiento
R0836,2026-04-15,C4,Manana,154,395,153,1104.5180,45.3460,17,10.7441,0,148.9937,162.4365,5.0717,40048.5956,-0.4065,-0.2686,1.8327,0.6450,entrenamiento
R0837,2026-04-15,C5,Manana,146,460,175,2191.2770,61.3278,17,4.8567,0,148.9604,147.1322,7.7941,59543.8854,0.6353,1.6150,-0.8654,-0.9440,entrenamiento
R0838,2026-04-15,C6,Manana,140,227,148,1271.8840,48.5318,13,1.1657,0,139.4150,137.2664,6.0209,44700.9880,0.9346,-1.7121,-2.4098,0.4807,entrenamiento
R0839,2026-04-15,C7,Tarde,152,491,159,1093.5378,63.2377,12,28.0881,1,155.4641,150.8636,7.3592,56776.4436,1.5368,2.3636,0.0572,-1.1634,entrenamiento
R0840,2026-04-15,C8,Tarde,172,468,231,822.6151,85.6568,15,8.8206,0,169.4627,164.3949,17.1240,130608.6649,0.5793,0.0235,-1.2048,-1.3563,entrenamiento
R0841,2026-04-16,C1,Manana,126,298,136,1263.7660,90.6260,13,25.5971,1,127.2739,131.3061,14.3860,107582.9501,0.0215,0.3699,0.9748,-0.0834,entrenamiento
R0842,2026-04-16,C2,Manana,152,432,191,1538.7099,54.4592,15,7.8423,1,152.8861,155.0256,6.8049,50255.2680,0.0678,0.5333,-0.5598,1.9829,entrenamiento
R0843,2026-04-16,C3,Manana,137,207,164,2087.3342,74.8832,11,18.7823,0,139.6627,141.7240,8.5704,65438.0093,0.4494,0.3209,1.1861,-0.4836,entrenamiento
R0844,2026-04-16,C4,Manana,140,220,127,2190.1473,45.2791,16,2.9389,1,142.2438,142.2630,9.3336,69540.3888,0.5837,0.8834,-0.5833,0.2501,entrenamiento
R0845,2026-04-16,C5,Manana,149,475,162,553.3554,66.8449,16,20.1688,1,146.1550,154.2075,4.8135,34731.6215,1.4050,-0.5206,0.5153,0.7629,entrenamiento
R0846,2026-04-16,C6,Tarde,137,423,188,1115.0628,69.4575,10,11.4272,0,133.9300,137.1527,9.3771,67571.8385,0.5093,-0.3548,-0.2498,-0.9837,entrenamiento
R0847,2026-04-16,C7,Tarde,154,414,154,1569.8250,37.3311,15,14.4933,1,154.8294,154.0182,11.7692,88423.7678,-0.0242,-0.4369,0.1185,-0.5478,entrenamiento
R0848,2026-04-16,C8,Manana,142,297,142,961.6371,40.6751,14,3.9558,0,137.0564,141.5241,8.7058,68491.5018,0.3720,-0.6670,-2.4546,1.2458,entrenamiento
R0849,2026-04-17,C1,Tarde,138,362,189,NA,71.8085,10,21.4444,1,135.6381,139.8773,10.0842,76095.8689,-0.2556,0.9424,0.5257,-0.5733,entrenamiento
R0850,2026-04-17,C2,Tarde,141,349,196,874.0080,75.2070,16,24.0686,0,141.4231,135.9110,10.5886,78858.1116,-0.1862,-0.0084,-0.9570,0.9615,entrenamiento
R0851,2026-04-17,C3,Tarde,165,360,213,1932.7174,43.0785,15,12.4381,0,169.6179,169.0144,9.1085,72401.2973,0.7076,1.1093,0.1187,0.1130,entrenamiento
R0852,2026-04-17,C4,Manana,144,237,141,635.0796,71.0406,10,25.8932,0,143.4494,144.1804,6.6907,50880.8090,0.4233,-0.9174,1.6734,-1.3516,entrenamiento
R0853,2026-04-17,C5,Tarde,143,475,171,1135.9905,62.9899,11,29.7362,0,141.9929,136.0923,5.2138,37199.7370,-1.1073,-0.3370,0.2968,-1.6984,entrenamiento
R0854,2026-04-17,C6,Tarde,126,378,114,1071.1759,54.4551,17,13.0639,1,131.2491,123.9719,5.2821,40967.9149,0.6862,-1.9832,-0.7035,0.2460,entrenamiento
R0855,2026-04-17,C7,Manana,148,255,162,1683.2800,59.6991,16,20.6119,1,138.0216,151.2527,4.7736,35041.6400,0.8183,-0.3309,0.8548,1.7868,entrenamiento
R0856,2026-04-17,C8,Tarde,152,450,176,537.3075,74.7299,9,22.0588,1,147.7155,152.1995,9.8266,75030.6171,-2.6341,-0.5488,-0.2448,-0.7053,entrenamiento
R0857,2026-04-18,C1,Tarde,159,301,157,1406.8311,91.5807,8,29.4454,0,163.8556,160.9315,18.5033,139132.4287,0.1372,1.0711,-1.5234,0.1150,entrenamiento
R0858,2026-04-18,C2,Tarde,165,268,154,1709.0434,68.9662,14,5.2250,0,159.7351,165.6535,10.2566,77851.2605,-0.5035,0.7475,-0.5105,-0.1142,entrenamiento
R0859,2026-04-18,C3,Manana,143,362,179,714.9860,55.1313,8,0.5368,0,144.4350,141.1046,7.8595,56845.3588,2.2044,-1.0589,1.0639,-1.9148,entrenamiento
R0860,2026-04-18,C4,Tarde,134,228,175,2052.5799,67.7123,15,13.2948,1,131.0834,127.9954,5.6948,43475.4398,0.4321,0.6212,0.4454,0.5143,entrenamiento
R0861,2026-04-18,C5,Tarde,163,295,217,1619.5431,60.4745,10,20.0444,0,165.5578,174.2355,8.0168,62530.2622,-0.9903,0.9319,-1.1796,1.0083,entrenamiento
R0862,2026-04-18,C6,Manana,131,405,122,1759.5467,64.1034,15,22.1450,1,131.0536,124.9339,6.1489,48871.1059,0.2475,2.1282,-0.3701,1.6366,entrenamiento
R0863,2026-04-18,C7,Manana,155,262,195,579.8555,83.2270,7,21.8899,1,151.2921,150.6177,13.0501,98989.0486,0.4152,-0.1760,0.5293,-0.6892,entrenamiento
R0864,2026-04-18,C8,Manana,130,450,136,1080.2606,NA,15,16.6619,1,127.1683,133.1829,3.2018,24900.4594,-0.4693,0.8525,0.7852,-0.6562,entrenamiento
R0865,2026-04-19,C1,Manana,159,437,155,950.9135,80.0242,9,12.3161,1,156.5870,161.5613,11.6498,86420.5099,1.4464,1.0200,-1.3933,0.0698,entrenamiento
R0866,2026-04-19,C2,Manana,139,385,174,2042.9681,73.5498,8,10.6306,1,141.8200,138.6503,9.0097,67164.5803,0.4342,1.2211,0.2394,0.7184,entrenamiento
R0867,2026-04-19,C3,Tarde,141,463,165,1214.2487,71.9431,15,4.0547,1,141.5570,137.7386,8.2400,64215.2842,0.5327,1.5095,1.2156,-0.8212,entrenamiento
R0868,2026-04-19,C4,Manana,158,479,212,1563.8841,39.4975,13,12.9811,0,165.7856,162.9209,12.8800,96355.0115,0.2260,0.4374,-0.2007,-1.1199,entrenamiento
R0869,2026-04-19,C5,Manana,184,525,231,810.7387,86.7946,10,4.5504,1,180.2184,180.5024,16.5855,121970.2488,0.4785,1.0149,-1.5453,0.0870,entrenamiento
R0870,2026-04-19,C6,Manana,154,368,170,1380.5726,48.7416,12,21.0485,0,154.2351,144.6439,7.9178,57321.2894,-0.2742,-1.1849,-0.0624,0.1056,entrenamiento
R0871,2026-04-19,C7,Manana,145,333,168,405.6147,80.4255,13,29.3851,1,141.0539,139.2637,8.2732,62478.1138,2.9748,0.2651,0.1812,-0.3595,entrenamiento
R0872,2026-04-19,C8,Tarde,140,472,132,831.6901,56.2479,15,13.8854,1,139.0229,144.3865,8.4222,62470.5956,1.0338,0.1765,-0.7977,0.8023,entrenamiento
R0873,2026-04-20,C1,Manana,154,377,199,2029.0226,52.1347,11,6.5074,0,157.6264,151.9781,8.2392,61257.8827,-1.0111,-2.0460,-1.2889,1.2455,entrenamiento
R0874,2026-04-20,C2,Tarde,150,518,189,1544.3072,82.7295,7,2.4270,0,149.0557,142.4534,16.4731,123770.1696,-0.2937,0.3184,1.6006,0.3886,entrenamiento
R0875,2026-04-20,C3,Manana,162,328,183,2150.9600,39.1701,13,21.2907,1,158.7345,168.1400,13.6758,105190.2770,-1.2877,1.0137,0.2786,0.4239,entrenamiento
R0876,2026-04-20,C4,Tarde,143,403,163,566.9199,36.4566,7,13.6425,1,147.3719,142.7934,14.0721,104872.5570,-0.5024,0.3734,-1.8803,-0.2678,entrenamiento
R0877,2026-04-20,C5,Manana,148,352,195,1936.2016,41.9097,12,3.1292,1,151.4204,148.8755,7.1866,54360.6664,1.6232,0.4142,1.2610,1.5532,entrenamiento
R0878,2026-04-20,C6,Manana,167,399,192,967.2281,78.3310,14,1.7664,1,167.1413,171.1737,11.6833,86894.5332,-0.9316,0.8384,1.1194,-0.8833,entrenamiento
R0879,2026-04-20,C7,Tarde,142,441,148,1789.3181,36.4369,17,11.3945,1,146.0057,135.1186,13.3175,101058.8937,1.9002,1.4187,0.7688,-1.4844,entrenamiento
R0880,2026-04-20,C8,Manana,172,269,197,1660.6566,59.0684,16,0.1210,1,165.3380,171.1581,11.5417,85286.4926,2.1777,0.7986,0.9367,0.5548,entrenamiento
R0881,2026-04-21,C1,Manana,166,403,163,1814.1047,70.2749,16,8.7581,0,169.9687,158.9377,8.9235,65387.8198,0.4880,0.4208,-0.7600,-1.1584,entrenamiento
R0882,2026-04-21,C2,Manana,143,419,197,1764.8964,75.6593,9,28.4302,0,136.5854,137.7793,9.2077,67236.1733,-0.3028,0.8345,-0.0801,0.0631,entrenamiento
R0883,2026-04-21,C3,Tarde,154,366,184,1839.6430,77.0658,10,12.4167,1,156.4478,159.5905,12.6369,96611.5684,-0.1713,-1.3860,0.2598,-0.8092,entrenamiento
R0884,2026-04-21,C4,Manana,147,293,172,715.7892,69.9640,11,12.9499,1,146.1732,145.5592,6.4707,49672.4140,0.0183,-1.6424,1.7667,-0.7521,entrenamiento
R0885,2026-04-21,C5,Tarde,121,353,153,1756.6947,80.4058,10,1.4777,1,124.6193,124.5264,10.8694,81847.0472,-1.2511,1.1218,-1.2348,-0.4180,entrenamiento
R0886,2026-04-21,C6,Manana,146,447,187,2139.5095,52.8422,12,25.9426,0,147.8148,148.7182,6.7400,51266.8389,0.4995,-1.5758,0.3782,-0.7204,entrenamiento
R0887,2026-04-21,C7,Manana,148,339,197,1463.7477,41.8268,15,0.4004,1,150.7842,145.2059,9.1461,65197.5520,-0.0584,0.2561,-2.3714,-0.2610,entrenamiento
R0888,2026-04-21,C8,Tarde,130,328,165,1512.6017,68.7802,11,1.2402,1,125.7418,131.1991,7.1769,55385.9743,0.8341,-1.4077,0.4364,-0.1533,entrenamiento
R0889,2026-04-22,C1,Manana,170,410,189,1704.7054,57.6748,8,6.2269,1,167.9236,179.1832,9.9298,73854.9240,-0.2099,0.0422,-0.2583,-0.3693,entrenamiento
R0890,2026-04-22,C2,Tarde,164,310,189,1033.5970,54.4674,10,4.7010,0,161.8095,159.8567,11.5431,86502.4060,1.7312,-0.4346,0.1588,0.4504,entrenamiento
R0891,2026-04-22,C3,Manana,153,356,199,483.8870,38.1860,11,12.9243,0,152.1737,149.9382,12.0593,91298.0197,-0.4972,0.7440,-0.6056,-0.4853,entrenamiento
R0892,2026-04-22,C4,Manana,151,478,200,997.9819,38.0421,8,1.6990,0,154.4380,153.0582,11.4900,87555.0611,-0.3904,1.1836,-2.0257,0.2067,entrenamiento
R0893,2026-04-22,C5,Tarde,142,454,188,1536.8973,38.2913,16,0.9897,0,140.6251,146.7636,11.8621,89658.4960,0.5137,0.5580,-0.4736,0.2024,entrenamiento
R0894,2026-04-22,C6,Manana,153,256,146,2181.0054,35.0352,10,28.3334,1,151.3724,146.4540,11.8892,89980.5549,-0.5628,0.0454,1.0053,0.8754,entrenamiento
R0895,2026-04-22,C7,Tarde,161,395,212,2132.5157,90.4081,7,6.9737,0,164.1304,155.0018,22.6275,170127.4541,1.4790,0.2351,-1.7335,-1.6036,entrenamiento
R0896,2026-04-22,C8,Tarde,138,304,167,1431.7671,67.2961,12,7.6273,1,140.4795,135.0575,5.9617,45010.0626,2.6821,0.8766,-0.0154,1.0386,entrenamiento
R0897,2026-04-23,C1,Tarde,167,490,153,1099.9741,46.0144,14,27.6637,1,163.6235,168.9325,13.1609,97979.0628,-0.8464,0.0331,-1.7539,-1.4870,entrenamiento
R0898,2026-04-23,C2,Tarde,135,417,181,1085.3444,43.1515,11,13.5293,0,135.9509,131.2846,7.8821,58672.1911,0.6426,1.4034,-0.8096,-1.5455,entrenamiento
R0899,2026-04-23,C3,Manana,139,466,194,519.3852,71.5979,11,16.5355,1,138.7439,140.4850,8.4273,63826.2961,1.1145,1.6421,0.8872,-0.5802,entrenamiento
R0900,2026-04-23,C4,Tarde,172,428,174,848.8334,40.7571,16,1.7856,1,176.9580,181.9541,14.9201,111949.3986,0.1529,-0.2016,-0.0378,0.5668,entrenamiento
R0901,2026-04-23,C5,Manana,163,247,148,1115.1199,46.0809,14,19.0580,1,161.6020,154.5448,9.0932,64403.2491,-1.2514,1.4666,1.3752,0.1761,entrenamiento
R0902,2026-04-23,C6,Manana,133,272,164,991.3023,56.7062,8,1.8923,0,134.3353,130.8710,6.0593,43396.5842,0.1786,-0.1826,-0.1167,0.9789,entrenamiento
R0903,2026-04-23,C7,Manana,148,487,148,527.0149,74.7136,13,13.3930,0,147.8239,152.4348,10.3561,77394.9456,-0.1869,-1.6292,0.6567,-0.3743,entrenamiento
R0904,2026-04-23,C8,Manana,158,469,208,1027.0388,44.0830,10,16.8658,1,158.1953,146.1097,9.1166,67304.9672,-1.7577,0.2769,-0.1009,-0.5665,entrenamiento
R0905,2026-04-24,C1,Tarde,134,262,176,2011.1471,73.1855,9,2.3139,0,128.9886,131.0731,9.5852,73303.0374,0.7768,-0.0827,-1.5124,-2.2805,entrenamiento
R0906,2026-04-24,C2,Manana,140,244,178,1695.4513,54.5910,12,12.7797,1,136.4127,132.8314,4.9466,38618.5738,0.9181,-0.4665,-1.8663,-1.7324,entrenamiento
R0907,2026-04-24,C3,Manana,138,246,189,462.2661,78.9820,13,1.7035,1,143.3204,138.2150,12.2277,91742.8415,1.1933,0.6968,-0.8890,-1.7081,entrenamiento
R0908,2026-04-24,C4,Manana,134,361,146,483.1118,52.6685,8,11.2322,1,131.5838,139.1450,6.2681,45396.8916,0.7249,0.1631,0.3724,-0.2597,entrenamiento
R0909,2026-04-24,C5,Tarde,152,488,164,1823.3834,77.5314,15,11.7336,0,150.6508,155.3779,11.1701,83114.2647,0.7004,0.4270,-0.9882,-0.3728,entrenamiento
R0910,2026-04-24,C6,Manana,137,423,175,437.1538,87.5746,7,20.9077,0,138.3171,136.0727,17.4251,133247.8146,-1.1382,-0.2915,0.3342,0.4496,entrenamiento
R0911,2026-04-24,C7,Tarde,166,459,167,1079.2990,61.6952,12,11.9214,0,167.0719,156.9217,9.4180,71615.9245,-0.5406,-1.6844,-0.7956,-0.8750,entrenamiento
R0912,2026-04-24,C8,Tarde,143,222,148,1707.8649,88.3107,8,18.7666,1,139.3862,143.2831,15.1973,113781.8638,1.4261,0.0182,-0.8790,-0.2695,entrenamiento
R0913,2026-04-25,C1,Tarde,124,367,113,1646.3480,59.1024,17,28.4747,1,122.0330,126.8902,3.8234,28860.6229,0.8513,0.6411,-1.4277,-0.9099,entrenamiento
R0914,2026-04-25,C2,Tarde,159,397,189,NA,45.9600,11,0.9410,0,162.3738,151.9148,9.5037,68817.1913,1.6101,-0.4549,-1.5160,0.3905,entrenamiento
R0915,2026-04-25,C3,Tarde,166,342,165,668.3951,87.6558,10,0.9626,1,166.8266,158.6155,17.5996,128316.4815,-1.7335,-0.9470,1.7730,0.0429,entrenamiento
R0916,2026-04-25,C4,Manana,154,252,160,849.3163,72.4130,16,5.6140,0,151.1356,152.3908,7.3705,55307.4439,-0.9483,-1.0464,-0.3007,-0.7034,entrenamiento
R0917,2026-04-25,C5,Tarde,137,355,152,1232.2255,82.6759,14,2.2013,1,135.0056,139.0523,13.0126,99642.4781,0.0179,-0.2361,1.5831,-1.1198,entrenamiento
R0918,2026-04-25,C6,Tarde,151,400,142,1956.3445,44.4359,13,22.4474,1,152.7496,149.5984,11.2035,82214.6124,-0.3255,-1.2819,0.6061,-1.8541,entrenamiento
R0919,2026-04-25,C7,Manana,142,449,183,871.2595,41.2655,17,22.7775,1,148.5885,147.9818,10.7897,79459.4172,0.0637,0.3040,0.7052,0.0464,entrenamiento
R0920,2026-04-25,C8,Tarde,131,434,146,1083.7885,52.5528,12,14.6135,0,126.6968,131.4215,8.2706,60583.8662,-0.5079,-0.1488,-1.0207,-0.4261,entrenamiento
R0921,2026-04-26,C1,Manana,143,494,189,606.4720,74.9802,10,16.7648,0,144.2756,146.8015,9.3851,72168.7465,-0.2930,2.0750,-0.8759,-0.0158,entrenamiento
R0922,2026-04-26,C2,Manana,142,407,165,1192.5639,86.7775,8,10.7453,1,145.2001,142.9797,13.3921,98228.0681,1.3144,0.1394,-0.6223,0.0686,entrenamiento
R0923,2026-04-26,C3,Manana,162,514,185,737.5429,67.2904,16,15.7794,0,159.9592,160.4933,7.7249,56503.8402,0.5074,0.1576,-0.4129,0.4952,entrenamiento
R0924,2026-04-26,C4,Manana,134,261,177,595.2358,68.2604,13,22.2082,0,132.4221,136.5976,2.9950,20518.5898,-0.6714,0.2018,-0.1388,0.0794,entrenamiento
R0925,2026-04-26,C5,Manana,154,395,169,1114.3918,39.0338,14,21.0042,0,153.8683,152.0154,8.0082,61506.1655,0.0653,-2.1856,-1.0069,0.3554,entrenamiento
R0926,2026-04-26,C6,Manana,148,395,153,877.3319,68.1252,8,6.9340,1,145.9554,143.5785,10.1678,74695.4220,2.2991,-0.0191,-0.5734,-1.2463,entrenamiento
R0927,2026-04-26,C7,Manana,145,315,135,1551.0858,38.7705,14,11.8873,0,144.3926,146.6647,7.3986,53491.6983,-0.0755,-0.2606,-0.5185,0.7604,entrenamiento
R0928,2026-04-26,C8,Tarde,136,458,189,1598.4802,55.8400,13,11.9443,0,136.7138,144.3605,7.8496,59616.5982,0.5587,0.4158,-0.2452,2.2675,entrenamiento
R0929,2026-04-27,C1,Tarde,142,287,167,1509.6070,84.9396,9,16.8481,1,143.9907,148.3154,16.3401,122972.6055,-0.3935,0.1015,0.3709,-0.0699,entrenamiento
R0930,2026-04-27,C2,Manana,148,512,165,2011.6055,NA,17,3.5016,0,148.5005,152.4168,9.0664,67168.5627,-1.2762,-0.3456,0.9056,0.8825,entrenamiento
R0931,2026-04-27,C3,Manana,141,301,151,454.1447,54.5291,12,16.2381,1,144.2214,149.3643,3.8115,30143.0250,-0.0241,-0.1269,-1.0836,-0.2671,entrenamiento
R0932,2026-04-27,C4,Tarde,157,461,211,523.8623,65.2521,11,3.1569,1,161.5492,154.1965,6.3781,50762.4601,-0.9701,1.5534,0.1253,0.8181,entrenamiento
R0933,2026-04-27,C5,Tarde,146,313,178,1969.4355,50.6114,10,2.4062,0,145.8505,145.2816,11.3969,86089.7193,1.0929,-0.2546,-1.0360,0.5121,entrenamiento
R0934,2026-04-27,C6,Manana,158,337,147,879.7739,55.6226,9,28.1829,1,156.2336,160.9312,4.8515,36052.3099,0.1162,0.5997,-0.8918,-0.7131,entrenamiento
R0935,2026-04-27,C7,Tarde,153,506,183,1819.1820,73.0449,11,13.7926,0,149.6890,154.6553,10.5630,78832.1162,1.0016,-0.1051,0.5571,-1.7542,entrenamiento
R0936,2026-04-27,C8,Tarde,147,353,202,708.1239,46.5945,13,18.4338,1,152.5685,157.3050,9.7639,73990.5534,0.4915,-0.8187,2.6815,-2.0666,entrenamiento
R0937,2026-04-28,C1,Manana,139,426,140,1759.6200,50.3782,9,14.2451,1,139.4899,141.3590,9.3785,72628.9470,0.7519,-0.0700,-0.6241,-0.9946,entrenamiento
R0938,2026-04-28,C2,Manana,150,241,162,789.4510,49.3981,9,13.2444,1,150.6887,151.5774,6.2600,45587.7183,2.8189,0.0498,1.9798,0.6388,entrenamiento
R0939,2026-04-28,C3,Manana,175,301,186,2160.8665,46.9124,15,8.8828,1,174.5835,176.4462,10.4734,79256.3783,-0.9459,1.1815,-1.4433,0.4102,entrenamiento
R0940,2026-04-28,C4,Tarde,174,438,199,1917.7863,77.0710,14,14.5596,0,170.9222,179.0063,14.3724,105191.5687,0.1729,0.9526,-0.9600,-0.2906,entrenamiento
R0941,2026-04-28,C5,Tarde,172,362,163,1889.6850,90.6857,12,25.6702,0,171.1334,176.8174,20.2296,153598.2138,-0.3515,-2.0641,-0.3549,-0.1708,entrenamiento
R0942,2026-04-28,C6,Manana,144,434,200,1751.7103,84.3941,11,24.6775,1,145.4245,147.5762,13.3474,96422.7318,0.4486,-0.6906,1.6975,0.1260,entrenamiento
R0943,2026-04-28,C7,Manana,170,478,189,1204.9186,85.5035,12,22.6432,1,169.6101,166.1383,16.0000,122265.2455,0.2280,-0.0519,1.2971,-0.1948,entrenamiento
R0944,2026-04-28,C8,Manana,157,468,160,843.2082,89.2359,9,22.6599,0,161.9012,165.2040,19.7179,146766.6250,-0.0838,-1.8490,-0.2976,-1.9624,entrenamiento
R0945,2026-04-29,C1,Manana,156,341,159,1628.7246,77.7848,12,8.8895,0,153.6077,159.8180,10.6950,80969.3973,-2.9373,0.2027,0.2097,0.5576,entrenamiento
R0946,2026-04-29,C2,Tarde,172,399,204,1924.4125,86.9420,14,28.0766,0,170.0238,168.4439,19.5661,148677.0972,0.8132,1.1724,0.4215,0.4389,entrenamiento
R0947,2026-04-29,C3,Manana,169,375,162,419.0804,85.1071,17,4.6326,0,162.1626,173.0378,14.0032,104189.9485,-0.1654,0.8371,0.3710,1.0750,entrenamiento
R0948,2026-04-29,C4,Tarde,137,314,140,1066.5152,58.4287,12,8.6522,0,132.1339,136.3338,4.9061,36770.0353,0.9276,0.6781,-1.3987,0.6967,entrenamiento
R0949,2026-04-29,C5,Manana,157,360,142,1262.6136,35.4860,17,21.4329,1,157.6589,149.0223,14.0743,105623.9798,-0.6409,-0.6967,1.2091,2.0846,entrenamiento
R0950,2026-04-29,C6,Tarde,156,410,195,1266.0209,64.7302,13,17.9672,1,155.1360,155.9019,9.6723,72168.0253,1.0408,-0.4299,-2.3422,-1.3405,entrenamiento
R0951,2026-04-29,C7,Tarde,139,354,190,1372.0565,90.5384,17,29.2187,1,136.1308,137.3175,16.0991,120502.0282,1.3768,-0.8002,-0.0449,-0.6952,entrenamiento
R0952,2026-04-29,C8,Manana,164,353,158,803.2868,90.2333,16,8.1509,1,164.5320,162.4201,15.3785,119138.9085,-0.5241,-1.0302,-0.8562,0.2566,entrenamiento
R0953,2026-04-30,C1,Tarde,139,225,168,633.3847,62.4971,13,9.0358,0,139.9494,141.0990,3.7074,26476.4130,-1.5136,-0.3543,0.6265,1.1187,entrenamiento
R0954,2026-04-30,C2,Manana,161,343,215,2165.2959,43.2072,11,11.8224,0,159.8040,157.4116,10.6373,77568.7222,-1.3514,-0.0729,-0.5649,-0.2709,entrenamiento
R0955,2026-04-30,C3,Tarde,154,336,201,1170.7961,38.5595,7,12.1034,0,156.0925,151.9511,17.0855,127090.9989,-2.0828,-0.3813,-0.3270,1.9238,entrenamiento
R0956,2026-04-30,C4,Tarde,157,285,163,1555.2844,45.8974,11,14.4148,1,154.9649,160.2833,9.1936,69549.1988,0.7241,1.2102,-0.4002,-0.0411,entrenamiento
R0957,2026-04-30,C5,Manana,168,437,206,1407.1345,39.5647,11,5.9996,0,161.2713,173.1718,12.2961,93178.5111,-0.7858,1.0157,1.6406,-2.0643,entrenamiento
R0958,2026-04-30,C6,Manana,153,298,209,579.0365,79.1528,8,23.4786,1,151.6454,152.3168,10.4690,77056.8058,0.3343,-0.5080,0.3247,-0.3164,entrenamiento
R0959,2026-04-30,C7,Manana,168,560,202,414.8491,63.6654,15,20.7010,0,165.5231,166.3077,7.1385,52552.7063,0.7367,2.1443,-0.4293,-0.7693,entrenamiento
R0960,2026-04-30,C8,Manana,157,323,212,1117.5391,78.2900,17,8.2317,0,155.4605,157.5680,9.2646,68980.0672,0.2241,-0.4128,0.7290,0.1965,entrenamiento
